rank,score,lane,niche_raw,niche,supported,business_name,owner,fb,city,state,phone,rating,reviews,slug,url
1,95,Trades,HVAC,hvac,yes,Tommy's Heating & Air,Tommy,Y,Webb,AL,(334) 792-8338,4.9,177,tommys-heating-air,https://ematrixgroup.com/s/tommys-heating-air
2,95,Trades,HVAC,hvac,yes,Rogers Mechanical Heating And Cooling,Brandon Rogers,Y,Huntsville,ON,(705) 706-1079,4.9,84,rogers-mechanical-heating-and-cooling,https://ematrixgroup.com/s/rogers-mechanical-heating-and-cooling
3,95,Trades,HVAC,hvac,yes,"Jackson Heating & Air Conditioning, LLC",Malcolm Jackson,Y,Greenville,MS,(662) 332-0420,4.9,83,jackson-heating-air-conditioning,https://ematrixgroup.com/s/jackson-heating-air-conditioning
4,95,Trades,HVAC,hvac,yes,"Steve Daves Heating & Air, LLC",Steve Daves,Y,Greenwood,MS,(662) 453-0609,5,63,steve-daves-heating-air,https://ematrixgroup.com/s/steve-daves-heating-air
5,95,Trades,HVAC,hvac,yes,Walker Ac and Heating,Ken Walker (owner-operator),Y,D'Iberville,MS,(228) 209-0682,4.5,60,walker-ac-and-heating,https://ematrixgroup.com/s/walker-ac-and-heating
6,95,Trades,HVAC,hvac,yes,AC Man Heating & Air Conditioning,William Nix,Y,Ocean Springs,MS,(228) 875-4487,4.2,58,ac-man-heating-air-conditioning,https://ematrixgroup.com/s/ac-man-heating-air-conditioning
7,95,Trades,Roofing,roofing,yes,Garcia Roofing & Construction,Gerardo Garcia (owner); Elizabeth Reyes (mgr),Y,Wichita Falls,TX,(940) 642-6558,5,55,garcia-roofing-construction,https://ematrixgroup.com/s/garcia-roofing-construction
8,95,Trades,Plumbing,plumbing,yes,Gary's Sewer & Drain,Gary,Y,Pocatello,ID,(208) 232-7464,4.9,41,garys-sewer-drain,https://ematrixgroup.com/s/garys-sewer-drain
9,95,Trades,Roofing,roofing,yes,Troyer Roofing,Abe Troyer,Y,Libby,MT,(406) 334-0500,4.8,39,troyer-roofing,https://ematrixgroup.com/s/troyer-roofing
10,95,Trades,Septic,septic,yes,Top Priority Drain Cleaning,,Y,,WY,(307) 709-2564,4.9,33,top-priority-drain-cleaning,https://ematrixgroup.com/s/top-priority-drain-cleaning
11,95,Trades,Excavating,excavating,yes,Sterling Excavation Sewer services,Nick Sterling,Y,Casper,WY,(307) 258-5381,4.7,29,sterling-excavation-sewer-services,https://ematrixgroup.com/s/sterling-excavation-sewer-services
12,95,Trades,Well/Water,well_water,yes,Saurer's Pump Services,Jory Lawrence (new owner),,Missoula,MT,(406) 543-3654,5,21,saurers-pump-services,https://ematrixgroup.com/s/saurers-pump-services
13,95,Trades,Tree,tree,yes,Yardworks | Landscaping & Tree Removal,Edward Gauthier,,Middle River,NB,(506) 543-0591,4.4,20,yardworks-landscaping-tree-removal,https://ematrixgroup.com/s/yardworks-landscaping-tree-removal
14,93,Trades,HVAC,hvac,yes,J Marshall's Heating,Jeremy Marshall,Y,Warren Grove,PE,(902) 569-9169,4.4,11,j-marshalls-heating,https://ematrixgroup.com/s/j-marshalls-heating
15,90,Trades,HVAC,hvac,yes,Done Right Heating &AC,,,Ridgeland,MS,(601) 895-0222,5,471,done-right-heating-ac,https://ematrixgroup.com/s/done-right-heating-ac
16,90,Trades,HVAC,hvac,yes,Jackson's Favorite Air Conditioning,,Y,Jackson,MS,(769) 214-2654,4.9,204,jacksons-favorite-air-conditioning,https://ematrixgroup.com/s/jacksons-favorite-air-conditioning
17,90,Trades,Septic,septic,yes,ASAP Septic Pumping LLC,,Y,,ID,(208) 390-7559,5,153,asap-septic-pumping,https://ematrixgroup.com/s/asap-septic-pumping
18,90,Trades,HVAC,hvac,yes,Comfortable Climates Heating & Air,,Y,Kokomo,IN,(765) 461-1930,5,123,comfortable-climates-heating-air,https://ematrixgroup.com/s/comfortable-climates-heating-air
19,90,Trades,Well/Water,well_water,yes,Masters Well & Pump Service,,,Hayden,ID,(208) 660-4134,5,104,masters-well-pump-service,https://ematrixgroup.com/s/masters-well-pump-service
20,90,Trades,HVAC,hvac,yes,"Albreeze Air Conditioning, Refrigeration & Mechanical Contractor",,Y,,,(242) 477-1341,4.9,57,albreeze-air-conditioning-refrigeration-mechanical-contractor,https://ematrixgroup.com/s/albreeze-air-conditioning-refrigeration-mechanical-contractor
21,90,Trades,Tree,tree,yes,Vertical Tree Co. LLC,,Y,Blackfoot,ID,(208) 244-9967,4.6,48,vertical-tree,https://ematrixgroup.com/s/vertical-tree
22,90,Trades,Septic,septic,yes,ASAP Septic,,,Melba,ID,(208) 991-7184,5,47,asap-septic,https://ematrixgroup.com/s/asap-septic
23,90,Trades,Tree,tree,yes,Top Notch Tree Service LLC,,Y,Priest River,ID,(208) 627-6035,5,42,top-notch-tree-service,https://ematrixgroup.com/s/top-notch-tree-service
24,90,Trades,HVAC,hvac,yes,Marion Heating & Cooling Inc,,,Marion,IA,(319) 304-1397,4.9,37,marion-heating-cooling,https://ematrixgroup.com/s/marion-heating-cooling
25,90,Trades,HVAC,hvac,yes,L&C Heating and Cooling,,,Conover,WI,(715) 479-2539,4.4,37,l-c-heating-and-cooling,https://ematrixgroup.com/s/l-c-heating-and-cooling
26,90,Trades,Septic,septic,yes,Affordable Septic Tank Pumping,,,Idaho Falls,ID,(208) 569-8219,4.9,37,affordable-septic-tank-pumping,https://ematrixgroup.com/s/affordable-septic-tank-pumping
27,90,Trades,Tree,tree,yes,Marlatt Tree Care LLC,,,,WY,(307) 331-5102,5,36,marlatt-tree-care,https://ematrixgroup.com/s/marlatt-tree-care
28,90,Trades,HVAC,hvac,yes,Air Pro Heating And Cooling,,,Metropolis,IL,(270) 816-0825,4.2,36,air-pro-heating-and-cooling,https://ematrixgroup.com/s/air-pro-heating-and-cooling
29,90,Trades,Well/Water,well_water,yes,Redhorn Pump Service Inc.,,,St Ignatius,MT,(406) 676-7867,5,33,redhorn-pump-service,https://ematrixgroup.com/s/redhorn-pump-service
30,90,Trades,Roofing,roofing,yes,Keller Roofing,,,Sioux Falls,SD,(605) 362-1100,5,33,keller-roofing,https://ematrixgroup.com/s/keller-roofing
31,90,Trades,Excavating,excavating,yes,JH Excavation Inc.,,,Powell,WY,(307) 689-3369,5,31,jh-excavation,https://ematrixgroup.com/s/jh-excavation
32,90,Trades,Septic,septic,yes,Eckert's Patriot Pumpers,,,,MT,(406) 777-2816,4.7,28,eckerts-patriot-pumpers,https://ematrixgroup.com/s/eckerts-patriot-pumpers
33,90,Trades,HVAC,hvac,yes,Up North Heating & Air Conditioning Ltd.,,Y,Latchford,ON,(705) 622-8978,5,27,up-north-heating-air-conditioning-ltd,https://ematrixgroup.com/s/up-north-heating-air-conditioning-ltd
34,90,Trades,Fence,fence,yes,CDN Fence Company,,,Post Falls,ID,(509) 201-2548,4.8,26,cdn-fence-company,https://ematrixgroup.com/s/cdn-fence-company
35,90,Trades,HVAC,hvac,yes,Part Time HVAC LLC,,Y,Hardy,AR,(870) 710-2200,4.7,26,part-time-hvac,https://ematrixgroup.com/s/part-time-hvac
36,90,Trades,Tree,tree,yes,Busy Boys Stump Grinding & Tractor Work,,Y,Blackfoot,ID,(208) 200-4429,5,24,busy-boys-stump-grinding-tractor-work,https://ematrixgroup.com/s/busy-boys-stump-grinding-tractor-work
37,90,Trades,Septic,septic,yes,Success Septic Tank Service,,Y,,ID,(208) 428-0079,4.4,22,success-septic-tank-service,https://ematrixgroup.com/s/success-septic-tank-service
38,90,Trades,Septic,septic,yes,Carroll Septic Services,,,Riverton,WY,(307) 856-3708,4.3,21,carroll-septic-services,https://ematrixgroup.com/s/carroll-septic-services
39,90,Trades,Fence,fence,yes,Tier One Fence Company,,,,MT,(406) 694-8143,5,20,tier-one-fence-company,https://ematrixgroup.com/s/tier-one-fence-company
40,88,Trades,Tree,tree,yes,Forrest's Tree Service,Forrest,,Twin Falls,ID,(208) 212-3690,4.4,18,forrests-tree-service,https://ematrixgroup.com/s/forrests-tree-service
41,88,Trades,Septic,septic,yes,Triple J Pumping,family-owned,,Cheyenne,WY,(307) 632-6476,4.7,17,triple-j-pumping,https://ematrixgroup.com/s/triple-j-pumping
42,88,Trades,Tree,tree,yes,A C Tree Service,Mark Porter (ISA Certified Arborist),Y,Casper,WY,(307) 234-7353,4.4,14,a-c-tree-service,https://ematrixgroup.com/s/a-c-tree-service
43,88,Trades,Plumbing,plumbing,yes,Hal Lee Plumbing & Heating,Hal Lee,,,WY,(307) 587-3134,3.5,13,hal-lee-plumbing-heating,https://ematrixgroup.com/s/hal-lee-plumbing-heating
44,88,Trades,Well/Water,well_water,yes,Rock Creek Well Services,Johnnie Christensen,Y,Cheyenne,WY,(307) 630-6617,3.8,13,rock-creek-well-services,https://ematrixgroup.com/s/rock-creek-well-services
45,88,Trades,Tree,tree,yes,All Seasons Tree Services-Anaconda,Jason Flood (29 yrs),Y,Anaconda,MT,(406) 560-6587,4.7,12,all-seasons-tree-services-anaconda,https://ematrixgroup.com/s/all-seasons-tree-services-anaconda
46,88,Trades,Septic,septic,yes,Smith Septic Pumping Ronan,Smith family,,Ronan,MT,(406) 675-2050,4.2,12,smith-septic-pumping-ronan,https://ematrixgroup.com/s/smith-septic-pumping-ronan
47,88,Trades,Tree,tree,yes,Darrell Adams Tree Service,Darrell Adams,,Blackfoot,ID,(208) 840-9457,4.9,12,darrell-adams-tree-service,https://ematrixgroup.com/s/darrell-adams-tree-service
48,88,Trades,Excavating,excavating,yes,"TR Excavation, LLC",Kyle & Tanisha Gloyn,Y,Cataldo,ID,(208) 682-5092,4,12,tr-excavation,https://ematrixgroup.com/s/tr-excavation
49,88,Trades,Well/Water,well_water,yes,"Anderson Pump & Well Service, Inc",Anderson family,Y,Bigfork,MT,(406) 837-1665,5,11,anderson-pump-well-service,https://ematrixgroup.com/s/anderson-pump-well-service
50,88,Trades,Fence,fence,yes,B & C Property Care,Briston Brenton (Yelp lists Keith Johnson - verify),,Evansville,WY,(307) 265-9473,5,11,b-c-property-care,https://ematrixgroup.com/s/b-c-property-care
51,88,Trades,Septic,septic,yes,Frederick's Vacuum Truck Service,Frederick (family),Y,,WY,(307) 247-0357,5,11,fredericks-vacuum-truck-service,https://ematrixgroup.com/s/fredericks-vacuum-truck-service
52,88,Trades,Tree,tree,yes,RB Lewis Tree Service,new owner (formerly David Lewis),Y,,WY,(307) 209-1339,5,10,rb-lewis-tree-service,https://ematrixgroup.com/s/rb-lewis-tree-service
53,88,Trades,Tree,tree,yes,Scott Ganoe Tree & Landscape,Scott Ganoe,Y,Heyburn,ID,(208) 438-2485,4.5,10,scott-ganoe-tree-landscape,https://ematrixgroup.com/s/scott-ganoe-tree-landscape
54,88,Trades,Septic,septic,yes,"A & A Septic Service, Inc.",Russ & Carolyn Ford (son Dylan),,,ID,(208) 476-9143,5,10,a-a-septic-service,https://ematrixgroup.com/s/a-a-septic-service
55,88,Trades,Excavating,excavating,yes,Solid Ground Excavating,,Y,Lolo,MT,(406) 381-5066,5,9,solid-ground-excavating,https://ematrixgroup.com/s/solid-ground-excavating
56,88,Trades,Fence,fence,yes,LB Lawn & Fencing,,Y,Missoula,MT,(406) 370-7026,5,7,lb-lawn-fencing,https://ematrixgroup.com/s/lb-lawn-fencing
57,88,Trades,Excavating,excavating,yes,Elison Excavation,,Y,Blackfoot,ID,(208) 604-3716,4.3,6,elison-excavation,https://ematrixgroup.com/s/elison-excavation
58,88,Trades,Excavating,excavating,yes,Brewster Construction & Excavating,,Y,Kila,MT,(406) 249-9923,5,6,brewster-construction-excavating,https://ematrixgroup.com/s/brewster-construction-excavating
59,88,Trades,Tree,tree,yes,7B Stump Removal,,Y,,ID,(208) 255-7832,5,6,7b-stump-removal,https://ematrixgroup.com/s/7b-stump-removal
60,88,Trades,Excavating,excavating,yes,Bethers Excavation,,Y,,ID,(208) 540-2640,5,6,bethers-excavation,https://ematrixgroup.com/s/bethers-excavation
61,88,Trades,Septic,septic,yes,Rocky Mountain Septic Services,,Y,Helena,MT,(406) 459-4325,4.7,6,rocky-mountain-septic-services,https://ematrixgroup.com/s/rocky-mountain-septic-services
62,88,Trades,Well/Water,well_water,yes,Millikin Well Drilling,,Y,Glendo,WY,(307) 331-2398,4.4,5,millikin-well-drilling,https://ematrixgroup.com/s/millikin-well-drilling
63,88,Trades,Excavating,excavating,yes,Huckleberry Earth Works,,Y,Corvallis,MT,(406) 529-0854,5,5,huckleberry-earth-works,https://ematrixgroup.com/s/huckleberry-earth-works
64,87,Trades,Landscaping,landscaping,yes,Ed's Auto Wrecking,,Y,Casper,WY,(307) 472-3558,4.2,125,eds-auto-wrecking,https://ematrixgroup.com/s/eds-auto-wrecking
65,87,Trades,Pressure Washing,pressure_wash,yes,Aguilar's Truck & Trailer Washout,Aguilar family,,American Falls,ID,(208) 240-2698,4.5,89,aguilars-truck-trailer-washout,https://ematrixgroup.com/s/aguilars-truck-trailer-washout
66,87,Trades,Pressure Washing,pressure_wash,yes,Faithful Pressure Wash,Dominic Marnolejo,Y,,MT,(406) 697-0192,5,74,faithful-pressure-wash,https://ematrixgroup.com/s/faithful-pressure-wash
67,87,Trades,Landscaping,landscaping,yes,GreenCare North,Jake (owner/operator),Y,Bonners Ferry,ID,(208) 217-8461,4.9,58,greencare-north,https://ematrixgroup.com/s/greencare-north
68,87,Trades,Landscaping,landscaping,yes,Bullard's Landscaping & Nursery in Flora,Bullard (young owner),Y,Flora,IL,(618) 231-0280,4.6,57,bullards-landscaping-nursery-in-flora,https://ematrixgroup.com/s/bullards-landscaping-nursery-in-flora
69,87,Trades,Pressure Washing,pressure_wash,yes,Pow-A-Wash LLC,,Y,,MT,(406) 561-0866,5,56,pow-a-wash,https://ematrixgroup.com/s/pow-a-wash
70,87,Trades,Landscaping,landscaping,yes,Stittsville Landscape Repair Co.,,Y,Stittsville,ON,(613) 979-0304,5,49,stittsville-landscape-repair,https://ematrixgroup.com/s/stittsville-landscape-repair
71,87,Trades,Landscaping,landscaping,yes,Mr.T's Up-keep Services LLC,Trevor (Mr. T),Y,Gillette,WY,(307) 622-0111,5,40,mr-ts-up-keep-services,https://ematrixgroup.com/s/mr-ts-up-keep-services
72,87,Trades,Junk Removal,junk_removal,yes,A&K Hauling & Junk Removal Service LLC,,Y,,WY,(307) 670-4488,5,39,a-k-hauling-junk-removal-service,https://ematrixgroup.com/s/a-k-hauling-junk-removal-service
73,87,Trades,Cleaning,cleaning,yes,Xtreme Clean Floor Care,Jamie F.,Y,Rock Springs,WY,(307) 922-1686,4.7,22,xtreme-clean-floor-care,https://ematrixgroup.com/s/xtreme-clean-floor-care
74,87,Trades,Landscaping,landscaping,yes,Point of View Landscape LLC,,,Benton,AR,(501) 239-1923,5,21,point-of-view-landscape,https://ematrixgroup.com/s/point-of-view-landscape
75,85,Trades,Tree,tree,yes,Iconic Lawn & Tree,Travis Williams,,Blue Springs,MO,,5,82,iconic-lawn-tree,https://ematrixgroup.com/s/iconic-lawn-tree
76,85,Trades,Landscaping,landscaping,yes,KTS Construction,Kelly Singleton. KTS,Y,,ID,(208) 304-2376,5,6,kts-construction,https://ematrixgroup.com/s/kts-construction
77,83,Insurance/RE,Insurance,(unsupported),no,Clint Insurance Agency,Jeff Smith (dba Jeff Smith Agency),Y,Clint,TX,(915) 851-0351,4.8,143,,
78,83,Other,Beauty,(unsupported),no,Fratesi & Co The Salon and Day Spa,Marilynn Borecky,Y,White Hall,AR,(870) 247-3728,4.9,59,,
79,83,Trades,HVAC,hvac,yes,Colonel Air Conditioning,,Y,,,(876) 799-0341,5,18,colonel-air-conditioning,https://ematrixgroup.com/s/colonel-air-conditioning
80,83,Trades,Septic,septic,yes,Superior Septic Services Inc,,,Superior,MT,(406) 822-4495,5,17,superior-septic-services,https://ematrixgroup.com/s/superior-septic-services
81,83,Trades,Well/Water,well_water,yes,Big Ridge Pump and Well Drilling Service,,,Afton,WY,(307) 699-9643,5,17,big-ridge-pump-and-well-drilling-service,https://ematrixgroup.com/s/big-ridge-pump-and-well-drilling-service
82,83,Trades,HVAC,hvac,yes,Key Largo Air Conditioning & Heating,,,Key Largo,FL,(645) 600-2188,4.7,15,key-largo-air-conditioning-heating,https://ematrixgroup.com/s/key-largo-air-conditioning-heating
83,83,Trades,HVAC,hvac,yes,Berwic Heating And Cooling,,Y,Bloomfield,PE,(902) 719-9383,5,15,berwic-heating-and-cooling,https://ematrixgroup.com/s/berwic-heating-and-cooling
84,83,Trades,Septic,septic,yes,Reliable Septic Pumping LLC,,Y,,ID,(208) 220-5928,5,14,reliable-septic-pumping,https://ematrixgroup.com/s/reliable-septic-pumping
85,83,Trades,Roofing,roofing,yes,Trejo Roofing & Construction LLC,,,Perryton,TX,(806) 202-1748,5,14,trejo-roofing-construction,https://ematrixgroup.com/s/trejo-roofing-construction
86,83,Trades,Septic,septic,yes,Brenda Frank Septic Tank Service,,,Laurel,MT,(406) 628-7316,5,13,brenda-frank-septic-tank-service,https://ematrixgroup.com/s/brenda-frank-septic-tank-service
87,83,Trades,Septic,septic,yes,Bud's Septic Tank Services,,,Payette,ID,(208) 642-4160,5,13,buds-septic-tank-services,https://ematrixgroup.com/s/buds-septic-tank-services
88,83,Trades,HVAC,hvac,yes,Comfortable Home Heating & Cooling,,Y,Cattaraugus,NY,(716) 844-1681,5,13,comfortable-home-heating-cooling,https://ematrixgroup.com/s/comfortable-home-heating-cooling
89,83,Trades,HVAC,hvac,yes,Alexandria Heating & Air Conditioning,,,Alexandria,MN,(320) 335-2979,5,13,alexandria-heating-air-conditioning,https://ematrixgroup.com/s/alexandria-heating-air-conditioning
90,83,Trades,Tree,tree,yes,Tip Top Tree Service,,,Torrington,WY,(308) 623-2725,4.8,12,tip-top-tree-service,https://ematrixgroup.com/s/tip-top-tree-service
91,83,Trades,Roofing,roofing,yes,J & J Roofing,,,Grand Island,NE,(308) 389-6188,4.3,12,j-j-roofing,https://ematrixgroup.com/s/j-j-roofing
92,83,Trades,HVAC,hvac,yes,Badger Heating & Cooling Inc,,Y,Three Lakes,WI,(715) 546-3147,5,11,badger-heating-cooling,https://ematrixgroup.com/s/badger-heating-cooling
93,83,Trades,Septic,septic,yes,Rainbow Septic Service,,,Ronan,MT,(406) 676-2400,4.3,10,rainbow-septic-service,https://ematrixgroup.com/s/rainbow-septic-service
94,83,Trades,Tree,tree,yes,Basic Maintenance LLC,,,,WY,(307) 363-6525,3.7,10,basic-maintenance,https://ematrixgroup.com/s/basic-maintenance
95,83,Trades,Electrical,(unsupported),no,Kansas City Electrical Construction Inc,,,Kansas City,MO,(816) 403-4650,4.6,10,,
96,83,Trades,Tree,tree,yes,Mr Snow It All and Tree Service,,Y,Billings,MT,(406) 794-4438,5,10,mr-snow-it-all-and-tree-service,https://ematrixgroup.com/s/mr-snow-it-all-and-tree-service
97,83,Trades,Excavating,excavating,yes,TNT Water and Sewer,,Y,,MT,(406) 852-4839,5,9,tnt-water-and-sewer,https://ematrixgroup.com/s/tnt-water-and-sewer
98,83,Trades,Tree,tree,yes,Brians Quality Tree Service,,Y,Great Falls,MT,(406) 799-1839,5,9,brians-quality-tree-service,https://ematrixgroup.com/s/brians-quality-tree-service
99,83,Trades,Fence,fence,yes,Monroe Fence Co,,Y,Chubbuck,ID,(208) 237-1491,4.3,6,monroe-fence,https://ematrixgroup.com/s/monroe-fence
100,83,Trades,Tree,tree,yes,Karnatz Tree Services,,Y,Livingston,MT,(406) 222-6505,4.8,5,karnatz-tree-services,https://ematrixgroup.com/s/karnatz-tree-services
101,83,Trades,Septic,septic,yes,Dalley's Sanitation,,Y,,WY,(307) 851-9524,5,5,dalleys-sanitation,https://ematrixgroup.com/s/dalleys-sanitation
102,83,Trades,Roofing,roofing,yes,"Harvey Roofing, Inc.",,Y,St Maries,ID,(208) 582-1944,5,5,harvey-roofing,https://ematrixgroup.com/s/harvey-roofing
103,82,Trades,HVAC,hvac,yes,Ochs Heating & Air Conditioning,,Y,,,(785) 421-2812,4,4,ochs-heating-air-conditioning,https://ematrixgroup.com/s/ochs-heating-air-conditioning
104,82,Trades,Septic,septic,yes,Montana Septic,,Y,Hardin,MT,(406) 665-5772,5,3,montana-septic,https://ematrixgroup.com/s/montana-septic
105,82,Trades,Tree,tree,yes,Spruce Tree Service LLC,,Y,Weiser,ID,(208) 869-9427,3,3,spruce-tree-service,https://ematrixgroup.com/s/spruce-tree-service
106,82,Trades,Fence,fence,yes,Farrier Fencing LLC,,Y,Polson,MT,(406) 883-4197,2.3,3,farrier-fencing,https://ematrixgroup.com/s/farrier-fencing
107,82,Trades,Electrical,(unsupported),no,B.T.E. ELECTRIC } better than edison {,,Y,Kansas City,MO,(816) 469-0857,3.7,3,,
108,82,Trades,Fence,fence,yes,Johnson Custom Fencing Inc,,Y,Butte,MT,(406) 490-2860,4,3,johnson-custom-fencing,https://ematrixgroup.com/s/johnson-custom-fencing
109,82,Trades,Tree,tree,yes,Oil Capital Tree Service LLC,,Y,Casper,WY,(307) 234-5474,5,3,oil-capital-tree-service,https://ematrixgroup.com/s/oil-capital-tree-service
110,82,Trades,Tree,tree,yes,Double T Tree Service,,Y,,MT,(406) 853-3365,5,2,double-t-tree-service,https://ematrixgroup.com/s/double-t-tree-service
111,82,Trades,Tree,tree,yes,Moreno's Tree Service,Based,Y,Weiser,ID,(208) 405-8953,5,2,morenos-tree-service,https://ematrixgroup.com/s/morenos-tree-service
112,82,Trades,HVAC,hvac,yes,Operation Comfort HVAC and Repair,HVAC,Y,Norfolk,NE,(402) 649-2902,5,2,operation-comfort-hvac-and-repair,https://ematrixgroup.com/s/operation-comfort-hvac-and-repair
113,82,Trades,HVAC,hvac,yes,Garreau Heating,,Y,Temiskaming Shores,ON,(705) 680-0117,5,1,garreau-heating,https://ematrixgroup.com/s/garreau-heating
114,82,Trades,Roofing,roofing,yes,Boyd roofing & construction,,Y,Mission Hill,SD,(402) 302-3613,5,1,boyd-roofing-construction,https://ematrixgroup.com/s/boyd-roofing-construction
115,82,Trades,Landscaping,landscaping,yes,"Nolagreen Landscaping, LLC",,,Jefferson,LA,(504) 701-4004,4.9,113,nolagreen-landscaping,https://ematrixgroup.com/s/nolagreen-landscaping
116,82,Trades,Cleaning,cleaning,yes,Huskie Carpet Cleaning,,Y,Fruitland,ID,(208) 570-9889,4.9,83,huskie-carpet-cleaning,https://ematrixgroup.com/s/huskie-carpet-cleaning
117,82,Trades,Landscaping,landscaping,yes,Discount Lawncare & Landscaping,,Y,Mountain Home,AR,(870) 656-5588,5,79,discount-lawncare-landscaping,https://ematrixgroup.com/s/discount-lawncare-landscaping
118,82,Trades,Landscaping,landscaping,yes,Irri Gators LLC,,Y,Gillette,WY,(307) 660-6405,5,75,irri-gators,https://ematrixgroup.com/s/irri-gators
119,82,Trades,Landscaping,landscaping,yes,Reliable Lawn Service LLC,,Y,Mineral Wells,WV,(740) 856-7042,4.9,58,reliable-lawn-service,https://ematrixgroup.com/s/reliable-lawn-service
120,82,Trades,Landscaping,landscaping,yes,Complete Lawn Care,,Y,Evanston,WY,(503) 960-8057,4.8,39,complete-lawn-care,https://ematrixgroup.com/s/complete-lawn-care
121,82,Trades,Junk Removal,junk_removal,yes,A1 Haulers LLC,,Y,Mountain Home,ID,(208) 249-9054,5,39,a1-haulers,https://ematrixgroup.com/s/a1-haulers
122,82,Trades,Landscaping,landscaping,yes,Superior Lawn & Landscaping,,,Hot Springs,AR,(501) 507-7963,4.5,34,superior-lawn-landscaping,https://ematrixgroup.com/s/superior-lawn-landscaping
123,82,Trades,Landscaping,landscaping,yes,Pecas Landscape & Concrete,,Y,Magnolia,AR,(870) 562-1027,4.9,33,pecas-landscape-concrete,https://ematrixgroup.com/s/pecas-landscape-concrete
124,82,Trades,Cleaning,cleaning,yes,River Rock Restoration Carpet Cleaners,,,Butte,MT,(406) 479-3504,4.8,33,river-rock-restoration-carpet-cleaners,https://ematrixgroup.com/s/river-rock-restoration-carpet-cleaners
125,82,Trades,Junk Removal,junk_removal,yes,The Whit Trash Man,,Y,,WY,(307) 286-2422,5,32,the-whit-trash-man,https://ematrixgroup.com/s/the-whit-trash-man
126,82,Trades,Landscaping,landscaping,yes,Mabie's Lawn & Landscaping LLC,,Y,Independence,MO,(816) 352-1591,5,25,mabies-lawn-landscaping,https://ematrixgroup.com/s/mabies-lawn-landscaping
127,82,Trades,Pressure Washing,pressure_wash,yes,Blue Collar Pressure Wash,,Y,Cheyenne,WY,(307) 223-2280,5,25,blue-collar-pressure-wash,https://ematrixgroup.com/s/blue-collar-pressure-wash
128,82,Trades,Cleaning,cleaning,yes,Clearly Seen Window Cleaning,,Y,,ID,(208) 490-7553,5,23,clearly-seen-window-cleaning,https://ematrixgroup.com/s/clearly-seen-window-cleaning
129,82,Trades,Landscaping,landscaping,yes,Corner To Corner Landscaping,,Y,Moncton,NB,(506) 588-6612,4.7,23,corner-to-corner-landscaping,https://ematrixgroup.com/s/corner-to-corner-landscaping
130,82,Trades,Landscaping,landscaping,yes,Trim Way Landscaping,,Y,Riverview,NB,(506) 872-0357,4.1,22,trim-way-landscaping,https://ematrixgroup.com/s/trim-way-landscaping
131,82,Trades,Landscaping,landscaping,yes,R & R Curb and Landscape,,Y,Paynesville,MN,(320) 250-7699,5,22,r-r-curb-and-landscape,https://ematrixgroup.com/s/r-r-curb-and-landscape
132,80,Trades,Landscaping,landscaping,yes,Heartland Landscaping Inc,,Y,Effingham,IL,(217) 342-2579,4.9,14,heartland-landscaping,https://ematrixgroup.com/s/heartland-landscaping
133,80,Trades,Landscaping,landscaping,yes,"Green Earth Landscaping, LLC",Tom Hunt,Y,Leesburg,VA,(703) 777-2210,5,13,green-earth-landscaping,https://ematrixgroup.com/s/green-earth-landscaping
134,80,Trades,Junk Removal,junk_removal,yes,Dirty Boyz Sanitation Service,Rose Cain (woman-owned),,Rawlins,WY,(307) 321-3874,4.7,12,dirty-boyz-sanitation-service,https://ematrixgroup.com/s/dirty-boyz-sanitation-service
135,80,Trades,Landscaping,landscaping,yes,John's Maintenance & Landscaping,Thomas John,Y,Riverview,NB,(506) 863-3929,4.3,12,johns-maintenance-landscaping,https://ematrixgroup.com/s/johns-maintenance-landscaping
136,80,Trades,Cleaning,cleaning,yes,Shimmer LLC,Trae Petzoldt,,Twin Falls,ID,(208) 316-6145,5,12,shimmer,https://ematrixgroup.com/s/shimmer
137,80,Trades,Landscaping,landscaping,yes,Design One Landscaping & Home Decor,Tina Bohannan,Y,Pine Bluff,AR,(870) 535-5968,4.2,11,design-one-landscaping-home-decor,https://ematrixgroup.com/s/design-one-landscaping-home-decor
138,80,Trades,Handyman,(unsupported),no,Just Call Sean Handyman LLC,Sean (owner),,,ID,(208) 732-9982,5,10,,
139,80,Trades,Landscaping,landscaping,yes,Route 33 Landscape Management,Chris Downard,,Nelsonville,OH,(740) 216-9006,4.6,10,route-33-landscape-management,https://ematrixgroup.com/s/route-33-landscape-management
140,80,Trades,Landscaping,landscaping,yes,Rone Lawncare and Landscaping,Jena Jones,Y,Batesville,AR,(870) 384-4284,5,10,rone-lawncare-and-landscaping,https://ematrixgroup.com/s/rone-lawncare-and-landscaping
141,80,Trades,Pressure Washing,pressure_wash,yes,"BAKO'S Custom Lawn Care, LLC",,Y,,ID,(208) 293-7972,5,9,bakos-custom-lawn-care,https://ematrixgroup.com/s/bakos-custom-lawn-care
142,80,Trades,Pressure Washing,pressure_wash,yes,Peak to Peak Pressure Washing,,Y,Bozeman,MT,(406) 595-9656,5,9,peak-to-peak-pressure-washing,https://ematrixgroup.com/s/peak-to-peak-pressure-washing
143,80,Trades,Cleaning,cleaning,yes,Magic Valley Window Washing LLC,,Y,,ID,(208) 749-6637,5,8,magic-valley-window-washing,https://ematrixgroup.com/s/magic-valley-window-washing
144,80,Trades,Handyman,(unsupported),no,Handyman Home Repairs,,Y,Miles City,MT,(406) 981-1320,5,7,,
145,80,Trades,Landscaping,landscaping,yes,"Dr. Lawn Care & Restoration, LLC",,Y,Brandon,MS,(601) 826-1407,5,6,dr-lawn-care-restoration,https://ematrixgroup.com/s/dr-lawn-care-restoration
146,80,Trades,Pressure Washing,pressure_wash,yes,Big Sky Exterior Cleaning Specialists,,Y,,MT,(406) 200-8230,5,5,big-sky-exterior-cleaning-specialists,https://ematrixgroup.com/s/big-sky-exterior-cleaning-specialists
147,80,Trades,Landscaping,landscaping,yes,TRS Landscaping,,Y,Kapuskasing,ON,(289) 501-8182,5,5,trs-landscaping,https://ematrixgroup.com/s/trs-landscaping
148,80,Trades,Landscaping,landscaping,yes,Kel's Tender Lawn Care,,Y,Scott City,KS,(620) 872-7325,3.4,5,kels-tender-lawn-care,https://ematrixgroup.com/s/kels-tender-lawn-care
149,78,Other,Beauty,(unsupported),no,Tease Salon And Colorbar,Alicia (stylist/owner),,Panama City,FL,(850) 630-9426,4.9,223,,
150,78,Other,Beauty,(unsupported),no,Xinh Lounge & Spa,Rebecca Van Dyke (associated),Y,Lindale,TX,(903) 851-5959,4.8,118,,
151,78,Insurance/RE,Real Estate,(unsupported),no,"Tom Murtagh, REALTOR","Tom Murtagh (Broker Assoc., Twentynine Palms Realty, DRE #02041938)",Y,Twentynine Palms,CA,(818) 825-0640,5,106,,
152,78,Other,Other,(unsupported),no,Kelly & Company,Kelly S. (owner 7+ yrs),,Sheridan,AR,(870) 942-0902,4.9,88,,
153,78,Insurance/RE,Real Estate,(unsupported),no,Sonya Jindra-Bringing You The Best In Real Estate,"Sonya Jindra (Lic. Assoc. Broker, WNY Metro Roberts Realty)",Y,Hamburg,NY,(716) 787-7653,5,76,,
154,78,Insurance/RE,Real Estate,(unsupported),no,Relevant Real Estate,Spencer Brennan (Owner/Managing Principal Broker),Y,Redmond,OR,(541) 848-0715,5,61,,
155,78,Other,Beauty,(unsupported),no,Ana's Hair Salon,"Ana (owner, 30+ yrs)",,Pine Bluff,AR,(870) 541-9333,4.8,58,,
156,78,Other,Beauty,(unsupported),no,Hair X-Perts,Amber Conder,Y,Effingham,IL,(217) 342-1084,4.6,46,,
157,78,Other,Beauty,(unsupported),no,Eclipse Beauty & Barber,Monica Taylor & Libby Trelz,Y,Charleston,IL,(217) 348-6700,4.9,43,,
158,78,Other,Other,(unsupported),no,Final Impressions LLC,Robert Falber,Y,Casper,WY,(307) 247-2938,4.4,20,,
159,78,Trades,Tree,tree,yes,"Rocky Mountain Tree Care Specialists, Inc.",Cory G.,Y,Great Falls,MT,,4.8,17,rocky-mountain-tree-care-specialists,https://ematrixgroup.com/s/rocky-mountain-tree-care-specialists
160,78,Trades,Junk Removal,junk_removal,yes,2G Hauling & Removal,Trey Stevens,Y,,MT,(406) 871-4691,5,3,2g-hauling-removal,https://ematrixgroup.com/s/2g-hauling-removal
161,77,Trades,Septic,septic,yes,Septic Tank Services,,Y,Manhattan,MT,(406) 284-3325,4,4,septic-tank-services,https://ematrixgroup.com/s/septic-tank-services
162,77,Trades,Fence,fence,yes,Martin Fencing,,Y,Miles City,MT,(406) 234-1133,3.8,4,martin-fencing,https://ematrixgroup.com/s/martin-fencing
163,77,Trades,Septic,septic,yes,Trayer Construction,,Y,,MT,(406) 649-2418,5,4,trayer-construction,https://ematrixgroup.com/s/trayer-construction
164,77,Trades,Tree,tree,yes,Larsens Tree Service,,Y,Inkom,ID,(208) 775-4547,4,4,larsens-tree-service,https://ematrixgroup.com/s/larsens-tree-service
165,77,Trades,Roofing,roofing,yes,Tom's Flat Roof Repair,,Y,Hays,KS,(785) 625-9711,4,4,toms-flat-roof-repair,https://ematrixgroup.com/s/toms-flat-roof-repair
166,77,Trades,Tree,tree,yes,Budget Trimmers Yard Service,,Y,Havre,MT,(406) 265-1581,4.7,3,budget-trimmers-yard-service,https://ematrixgroup.com/s/budget-trimmers-yard-service
167,77,Trades,Well/Water,well_water,yes,Callison Drilling,,Y,Alberton,MT,(406) 207-1910,3.7,3,callison-drilling,https://ematrixgroup.com/s/callison-drilling
168,77,Trades,Septic,septic,yes,JP's Water and Sewer Service,,Y,Afton,WY,(307) 887-9363,5,3,jps-water-and-sewer-service,https://ematrixgroup.com/s/jps-water-and-sewer-service
169,77,Trades,Tree,tree,yes,Mile Hi Lawn & Tree Care,,Y,Cheyenne,WY,(307) 635-8472,3.7,3,mile-hi-lawn-tree-care,https://ematrixgroup.com/s/mile-hi-lawn-tree-care
170,77,Trades,Fence,fence,yes,Tip Top Fence and Trees,,Y,Hamilton,MT,(406) 361-5452,5,2,tip-top-fence-and-trees,https://ematrixgroup.com/s/tip-top-fence-and-trees
171,77,Trades,Excavating,excavating,yes,Wagoners Excavation,,Y,Columbia Falls,MT,(406) 871-5214,4.5,2,wagoners-excavation,https://ematrixgroup.com/s/wagoners-excavation
172,77,Trades,Tree,tree,yes,"A & C Tree & Landscape Services, LLC",,Y,Judsonia,AR,(501) 207-2609,4.5,2,a-c-tree-landscape-services,https://ematrixgroup.com/s/a-c-tree-landscape-services
173,77,Trades,Plumbing,plumbing,yes,Riverside Plumbing & Heating,,Y,Superior,MT,(406) 240-7586,5,1,riverside-plumbing-heating,https://ematrixgroup.com/s/riverside-plumbing-heating
174,77,Trades,Well/Water,well_water,yes,Corveau Drilling and Construction,,Y,Great Falls,MT,(406) 761-1274,5,1,corveau-drilling-and-construction,https://ematrixgroup.com/s/corveau-drilling-and-construction
175,77,Trades,Roofing,roofing,yes,BCS Roofing,Mike (owner),Y,Franklin,TX,(979) 589-7663,4.9,57,bcs-roofing,https://ematrixgroup.com/s/bcs-roofing
176,77,Trades,Fence,fence,yes,Bison Fence LLC,Shawn,Y,Great Falls,MT,(406) 899-8884,4.6,22,bison-fence,https://ematrixgroup.com/s/bison-fence
177,75,Trades,Cleaning,cleaning,yes,American Maid,,Y,Sheridan,WY,(307) 672-9851,3.4,18,american-maid,https://ematrixgroup.com/s/american-maid
178,75,Trades,Landscaping,landscaping,yes,Sanchez and Son Landscaping,,,Twin Falls,ID,(208) 613-5232,4.6,18,sanchez-and-son-landscaping,https://ematrixgroup.com/s/sanchez-and-son-landscaping
179,75,Trades,Landscaping,landscaping,yes,Skyes Landscaping & Services,,Y,Pocatello,ID,(208) 269-0307,3.8,17,skyes-landscaping-services,https://ematrixgroup.com/s/skyes-landscaping-services
180,75,Trades,Landscaping,landscaping,yes,MOLSL (Missouri Lawn Snow Landscape),,Y,Independence,MO,(816) 699-3301,5,16,molsl-missouri-lawn-snow-landscape,https://ematrixgroup.com/s/molsl-missouri-lawn-snow-landscape
181,75,Trades,Cleaning,cleaning,yes,Cancholas cleaning service llc,,Y,Payette,ID,(208) 405-3474,4.7,15,cancholas-cleaning-service,https://ematrixgroup.com/s/cancholas-cleaning-service
182,75,Trades,Landscaping,landscaping,yes,Jack of Trades,,Y,,ID,(208) 251-0594,4.9,15,jack-of-trades,https://ematrixgroup.com/s/jack-of-trades
183,75,Trades,Landscaping,landscaping,yes,Pro landscapes,,,Heber Springs,AR,(501) 505-6461,4.8,15,pro-landscapes,https://ematrixgroup.com/s/pro-landscapes
184,75,Trades,Junk Removal,junk_removal,yes,EZ Junk Removal LLC,,Y,Coeur d'Alene,ID,(208) 659-9130,5,15,ez-junk-removal,https://ematrixgroup.com/s/ez-junk-removal
185,75,Trades,Landscaping,landscaping,yes,Cowboy Lawn and Tree,,Y,,ID,(208) 351-8916,4.9,14,cowboy-lawn-and-tree,https://ematrixgroup.com/s/cowboy-lawn-and-tree
186,75,Trades,Junk Removal,junk_removal,yes,Montes Trees and Junk,,Y,,,(229) 421-5324,5,14,montes-trees-and-junk,https://ematrixgroup.com/s/montes-trees-and-junk
187,75,Trades,Landscaping,landscaping,yes,Cys Lawn Maintenance,,Y,Arnprior,ON,(613) 794-5923,4.7,12,cys-lawn-maintenance,https://ematrixgroup.com/s/cys-lawn-maintenance
188,75,Trades,Pressure Washing,pressure_wash,yes,Bust'n Suds,,,Cheyenne,WY,(307) 414-0976,4.5,11,bustn-suds,https://ematrixgroup.com/s/bustn-suds
189,75,Trades,Junk Removal,junk_removal,yes,Double E Hauling Junk Removal,,,Rock Springs,WY,(307) 389-3434,5,10,double-e-hauling-junk-removal,https://ematrixgroup.com/s/double-e-hauling-junk-removal
190,75,Trades,Junk Removal,junk_removal,yes,Junk B Gone,,Y,Kimberly,ID,(208) 794-8966,5,8,junk-b-gone,https://ematrixgroup.com/s/junk-b-gone
191,75,Trades,Well/Water,well_water,yes,Birchell Well Drilling,,Y,Big Timber,MT,(406) 932-5697,0,0,birchell-well-drilling,https://ematrixgroup.com/s/birchell-well-drilling
192,75,Trades,Roofing,roofing,yes,Roofguard Roofing Co,,Y,Plains,KS,(940) 236-6056,0,0,roofguard-roofing,https://ematrixgroup.com/s/roofguard-roofing
193,73,Other,Beauty,(unsupported),no,Me Daza Salon,,Y,La Grande,OR,(541) 805-5636,5,56,,
194,73,Other,Beauty,(unsupported),no,Hair Hype Salon,,,Arkadelphia,AR,(870) 246-2992,4.6,54,,
195,73,Other,Other,(unsupported),no,JB Construction,,,Clifton,ID,(801) 367-0765,5,49,,
196,73,Other,Beauty,(unsupported),no,Hair Nest /Styles by Paula,,,Moweaqua,IL,(217) 972-9348,4.9,48,,
197,73,Other,Beauty,(unsupported),no,Robins Hair Salon,,,Charleston,IL,(217) 348-1138,4.9,48,,
198,73,Insurance/RE,Insurance,(unsupported),no,The Insurance Store,,,Belen,NM,(505) 861-8283,4.5,46,,
199,73,Other,Beauty,(unsupported),no,Kut Loose Salon,,Y,Shelbyville,IL,(217) 259-4579,4.9,42,,
200,73,Other,Other,(unsupported),no,New Horizons Exteriors,,Y,White,SD,(605) 690-4797,5,42,,
201,73,Other,Other,(unsupported),no,Steve's Comfort Systems,,,Vermillion,SD,(605) 624-4557,4.6,38,,
202,73,Other,Accounting,(unsupported),no,Fuemmeler Tax & Accounting,,,Moberly,MO,(660) 263-4346,4.9,38,,
203,73,Other,Other,(unsupported),no,Amanda's Villa Inc,,,White Hall,AR,(870) 489-5463,4.8,35,,
204,73,Other,Other,(unsupported),no,ON-TRACK Land Clearing & Dirt Work,,Y,Caledonia,MS,(662) 251-6880,4.9,31,,
205,73,Insurance/RE,Insurance,(unsupported),no,Insurance Corporation of Belize & Nationwide Cash Express Belmopan Branch,,Y,,,(501) 822-0473,4.2,20,,
206,73,Other,Other,(unsupported),no,A Cut Above,,Y,Fordyce,AR,(870) 352-2477,4.9,20,,
207,73,Trades,Roofing,roofing,yes,HomeTown Roofing and Construction,,,Pampa,TX,,4.9,14,hometown-roofing-and-construction,https://ematrixgroup.com/s/hometown-roofing-and-construction
208,73,Trades,Roofing,roofing,yes,Pinnacle Solutions LLC,,Y,Rock Springs,WY,,3.3,12,pinnacle-solutions,https://ematrixgroup.com/s/pinnacle-solutions
209,73,Trades,Pressure Washing,pressure_wash,yes,307 Exterior Revive llc,,Y,,WY,(307) 797-9274,5,4,307-exterior-revive,https://ematrixgroup.com/s/307-exterior-revive
210,73,Trades,Landscaping,landscaping,yes,Willy's Landscaping Corp.,,Y,,,(787) 385-2545,3.3,4,willys-landscaping-corp,https://ematrixgroup.com/s/willys-landscaping-corp
211,73,Trades,Pressure Washing,pressure_wash,yes,Pressure Point Power Washing,,Y,,MT,(406) 270-9134,5,3,pressure-point-power-washing,https://ematrixgroup.com/s/pressure-point-power-washing
212,73,Trades,Landscaping,landscaping,yes,Advanced Landscapinng,,Y,Starkville,MS,(662) 338-5296,5,3,advanced-landscapinng,https://ematrixgroup.com/s/advanced-landscapinng
213,73,Trades,Landscaping,landscaping,yes,Shaw's Landscaping,,Y,Quitman,AR,(501) 825-8667,5,1,shaws-landscaping,https://ematrixgroup.com/s/shaws-landscaping
214,73,Trades,Landscaping,landscaping,yes,Central Lakes Landscape,,Y,Grey Eagle,MN,(320) 285-5715,5,1,central-lakes-landscape,https://ematrixgroup.com/s/central-lakes-landscape
215,73,Trades,Landscaping,landscaping,yes,Great Southern Landscape Co,,Y,Columbus,MS,(662) 329-9167,3,1,great-southern-landscape,https://ematrixgroup.com/s/great-southern-landscape
216,73,Trades,Landscaping,landscaping,yes,H&C Landscaping,,Y,Sainte-Anne,NB,(506) 543-2495,5,1,h-c-landscaping,https://ematrixgroup.com/s/h-c-landscaping
217,72,Trades,Well/Water,well_water,yes,Independent Drilling,,Y,Blackfoot,ID,(208) 684-3788,4.3,32,independent-drilling,https://ematrixgroup.com/s/independent-drilling
218,72,Trades,Well/Water,well_water,yes,Triple J Well & Pump Service,Jason Robinson & Jason Young (co-owners),Y,Kalispell,MT,(406) 890-2057,5,32,triple-j-well-pump-service,https://ematrixgroup.com/s/triple-j-well-pump-service
219,72,Trades,HVAC,hvac,yes,Bahamas Air Care Refrigeration & Air Conditioning,,,,,(242) 810-5060,4.9,31,bahamas-air-care-refrigeration-air-conditioning,https://ematrixgroup.com/s/bahamas-air-care-refrigeration-air-conditioning
220,72,Trades,HVAC,hvac,yes,"R & D Heating and Air - HVAC Maintenance Contractor, Heating and Air Conditioning Service Pell City AL",,,Pell City,AL,(205) 999-5877,5,23,r-d-heating-and-air-hvac-maintenance-contractor-heating-and-air-conditioning-service-pell-city-al,https://ematrixgroup.com/s/r-d-heating-and-air-hvac-maintenance-contractor-heating-and-air-conditioning-service-pell-city-al
221,72,Trades,Plumbing,plumbing,yes,Roto-Rooter of Ravalli,Should Know,,Hamilton,MT,(406) 363-2787,5,21,roto-rooter-of-ravalli,https://ematrixgroup.com/s/roto-rooter-of-ravalli
222,72,Insurance/RE,Insurance,(unsupported),no,Crystal Insurance Brokers,,,Crystal City,MB,(204) 873-2499,4.7,17,,
223,72,Other,Other,(unsupported),no,Styles For You,Kim Stadey Rayasi (stylist),,Marathon,ON,(807) 229-0661,4.4,11,,
224,72,Other,Other,(unsupported),no,The Beauty Shop,Arika Simpson (owner/stylist),Y,Camden,AR,(870) 413-9484,4.8,11,,
225,72,Insurance/RE,Insurance,(unsupported),no,Valley Insurance Associates: Sanchez Agency,Sam Sanchez (took over 2014; founded by Amos & Louise Sanchez 1983),Y,Alamosa,CO,(719) 589-6116,3.3,10,,
226,72,Other,Beauty,(unsupported),no,Eclips Hair Design,,Y,Kakabeka Falls,ON,(807) 473-4322,5,9,,
227,72,Other,Other,(unsupported),no,N.A. Puckalo Trucking,,Y,Iroquois Falls,ON,(705) 232-4330,4.2,5,,
228,70,Trades,Cleaning,cleaning,yes,Down-N-Dirty Cleaning Services,Sam,Y,Billings,MT,,4.8,17,down-n-dirty-cleaning-services,https://ematrixgroup.com/s/down-n-dirty-cleaning-services
229,70,Trades,Tree,tree,yes,Arbor Solutions,We,Y,Cheyenne,WY,(307) 634-5319,3.7,9,arbor-solutions,https://ematrixgroup.com/s/arbor-solutions
230,70,Trades,Well/Water,well_water,yes,Hi-Line Drilling Inc,Rodger Freier,Y,Havre,MT,(406) 265-4210,5,8,hi-line-drilling,https://ematrixgroup.com/s/hi-line-drilling
231,70,Trades,Well/Water,well_water,yes,Mayes Drilling Inc,Gary Mayes,Y,,MT,(406) 373-5707,4.4,7,mayes-drilling,https://ematrixgroup.com/s/mayes-drilling
232,70,Trades,Tree,tree,yes,American Technical Tree Service L.L.C.,Michael,Y,Twin Falls,ID,(208) 420-2488,5,6,american-technical-tree-service-l-l-c,https://ematrixgroup.com/s/american-technical-tree-service-l-l-c
233,70,Other,Other,(unsupported),no,Mood Studio,Amber,Y,Centerville,IA,(641) 895-7440,5,3,,
234,70,Other,Other,(unsupported),no,Absolute Comfort LLC,Bryan Hazzard. After,Y,Scott City,KS,(620) 874-0405,5,2,,
235,70,Trades,Roofing,roofing,yes,Southwest Kansas Roofing,,Y,Garden City,KS,(620) 266-5060,0,0,southwest-kansas-roofing,https://ematrixgroup.com/s/southwest-kansas-roofing
236,68,Other,Other,(unsupported),no,Zepeda Seguros,Francisco Zepeda (tentative - Francisco Zepeda Insurance Agency),Y,,,,4.9,83,,
237,68,Trades,Junk Removal,junk_removal,yes,Tinsley's Moving LLC,David Tinsley,Y,,MT,(406) 590-1307,4.7,62,tinsleys-moving,https://ematrixgroup.com/s/tinsleys-moving
238,68,Trades,Landscaping,landscaping,yes,Midtown plowing & landscaping,,Y,Tomahawk,WI,(715) 612-2626,5,3,midtown-plowing-landscaping,https://ematrixgroup.com/s/midtown-plowing-landscaping
239,67,Trades,HVAC,hvac,yes,ABC HEAT AND AIR CONDITIONING HVAC LLC,,,Cape Girardeau,MO,(573) 450-1472,4.9,155,abc-heat-and-air-conditioning-hvac,https://ematrixgroup.com/s/abc-heat-and-air-conditioning-hvac
240,67,Trades,Roofing,roofing,yes,DL Roofing & Construction,,Y,Sioux City,IA,(712) 577-4217,4.9,154,dl-roofing-construction,https://ematrixgroup.com/s/dl-roofing-construction
241,67,Trades,Well/Water,well_water,yes,H & L Drilling,,,East Helena,MT,(406) 227-7435,4.7,40,h-l-drilling,https://ematrixgroup.com/s/h-l-drilling
242,67,Trades,Well/Water,well_water,yes,Housley Pumps Sales & Services,,,St Anthony,ID,(208) 624-3772,4.4,36,housley-pumps-sales-services,https://ematrixgroup.com/s/housley-pumps-sales-services
243,67,Trades,Septic,septic,yes,Matt's Plumbing Service LLC,,,Dubois,WY,(307) 450-8587,5,35,matts-plumbing-service,https://ematrixgroup.com/s/matts-plumbing-service
244,67,Trades,HVAC,hvac,yes,Air conditioners Rental since 1978 in Canada,,,Montréal,QC,(514) 931-3571,4.4,34,air-conditioners-rental-since-1978-in-canada,https://ematrixgroup.com/s/air-conditioners-rental-since-1978-in-canada
245,67,Trades,HVAC,hvac,yes,H & H Heating and Air,,,Paducah,KY,(270) 210-1619,5,34,h-h-heating-and-air,https://ematrixgroup.com/s/h-h-heating-and-air
246,67,Other,Other,(unsupported),no,Split Ends,,,Mt Zion,IL,(217) 864-2688,5,19,,
247,67,Other,Beauty,(unsupported),no,Ella's Salon and Boutique,,,Camden,AR,(870) 836-0006,4.9,19,,
248,67,Other,Other,(unsupported),no,Kimberley Guay-Dubois Courtière immobilière Résidentielle,,Y,Albanel,QC,(418) 618-5031,5,19,,
249,67,Insurance/RE,Insurance,(unsupported),no,Insurance Corporation of Belize & Nationwide Cash Express,,Y,,,(501) 523-2516,4.1,18,,
250,67,Other,Other,(unsupported),no,Shear Talent,,Y,Manitouwadge,ON,(807) 826-3548,4.3,18,,
251,67,Insurance/RE,Insurance,(unsupported),no,RF&G Insurance (SPL),,Y,,,(501) 823-0167,4.6,17,,
252,67,Other,Beauty,(unsupported),no,Retro Society Salon + Hair Extensions,,Y,Arkadelphia,AR,(870) 210-0996,4.8,17,,
253,67,Other,Other,(unsupported),no,Gazon Larouche,,Y,La Baie,QC,(418) 677-2657,4.7,15,,
254,67,Other,Beauty,(unsupported),no,Hair By Donna,,,Bearden,AR,(870) 687-3636,4.9,12,,
255,67,Other,Beauty,(unsupported),no,Faye Spa,,,Lafayette,IN,(765) 767-1234,5,12,,
256,67,Other,Other,(unsupported),no,Kristi Veitz,,,Grand Forks,ND,(701) 775-3132,5,10,,
257,67,Other,Other,(unsupported),no,Grass Flex Guys,,Y,Columbus,MS,(662) 400-5948,4.2,5,,
258,67,Trades,Landscaping,landscaping,yes,Legault Landscaping,,Y,Timmins,ON,(705) 266-5243,0,0,legault-landscaping,https://ematrixgroup.com/s/legault-landscaping
259,65,Trades,HVAC,hvac,yes,Powerhouse Air Conditioning,,Y,Summerland Key,FL,(305) 394-5448,4.8,18,powerhouse-air-conditioning,https://ematrixgroup.com/s/powerhouse-air-conditioning
260,65,Trades,Tree,tree,yes,BranchesBeGone,,Y,,ID,(208) 530-6333,5,15,branchesbegone,https://ematrixgroup.com/s/branchesbegone
261,65,Trades,Septic,septic,yes,M&H Septic Pumping and Porta Potties,,,Troy,MT,(406) 295-9570,5,13,m-h-septic-pumping-and-porta-potties,https://ematrixgroup.com/s/m-h-septic-pumping-and-porta-potties
262,65,Trades,Excavating,excavating,yes,"Nania, Inc",Samuel Martin Nania,Y,Mills,WY,(307) 472-5755,4.4,9,nania,https://ematrixgroup.com/s/nania
263,65,Trades,HVAC,hvac,yes,Terry’s HVAC,,Y,Tillar,AR,(870) 538-5202,5,9,terrys-hvac,https://ematrixgroup.com/s/terrys-hvac
264,65,Trades,Excavating,excavating,yes,Foothill Construction Services,,Y,Kalispell,MT,(406) 210-0506,5,9,foothill-construction-services,https://ematrixgroup.com/s/foothill-construction-services
265,65,Trades,Well/Water,well_water,yes,Higgins Drilling Co,,Y,Miles City,MT,(406) 232-2565,5,8,higgins-drilling,https://ematrixgroup.com/s/higgins-drilling
266,65,Trades,Well/Water,well_water,yes,Main Harbor Pumps & Well Drill,,Y,Ronan,MT,(406) 675-3179,4.6,8,main-harbor-pumps-well-drill,https://ematrixgroup.com/s/main-harbor-pumps-well-drill
267,65,Trades,Fence,fence,yes,Eckhardt Workx LLC,,Y,,ID,(208) 739-5098,5,8,eckhardt-workx,https://ematrixgroup.com/s/eckhardt-workx
268,65,Trades,Septic,septic,yes,Triple T Septic Cleaning,,Y,Montpelier,ID,(208) 847-3265,4.4,7,triple-t-septic-cleaning,https://ematrixgroup.com/s/triple-t-septic-cleaning
269,65,Trades,Well/Water,well_water,yes,Gestrin Well Drilling,Stevens,Y,Donnelly,ID,(208) 325-8637,5,7,gestrin-well-drilling,https://ematrixgroup.com/s/gestrin-well-drilling
270,65,Trades,Well/Water,well_water,yes,Independent Drilling Ashton,,Y,Ashton,ID,(208) 652-3799,5,7,independent-drilling-ashton,https://ematrixgroup.com/s/independent-drilling-ashton
271,65,Trades,Electrical,(unsupported),no,"Guiding Light Electric, Inc.",,Y,,,(816) 361-5150,5,7,,
272,65,Trades,Well/Water,well_water,yes,Babbitt Well Pumps & Service,,Y,Missoula,MT,(406) 531-3585,5,7,babbitt-well-pumps-service,https://ematrixgroup.com/s/babbitt-well-pumps-service
273,65,Trades,Tree,tree,yes,A Cut Above Tree Service and Land Management,,Y,Plains,MT,(406) 304-4937,5,6,a-cut-above-tree-service-and-land-management,https://ematrixgroup.com/s/a-cut-above-tree-service-and-land-management
274,65,Trades,Septic,septic,yes,Rock Solid Excavating Inc,,Y,Park City,MT,(406) 855-8371,4.3,6,rock-solid-excavating,https://ematrixgroup.com/s/rock-solid-excavating
275,65,Trades,Plumbing,plumbing,yes,Sheridan Sewer & Drain,,Y,,WY,(307) 429-8474,4,6,sheridan-sewer-drain,https://ematrixgroup.com/s/sheridan-sewer-drain
276,65,Trades,HVAC,hvac,yes,JP Heating & Cooling,,Y,Sault Ste. Marie,ON,(705) 206-9030,5,6,jp-heating-cooling,https://ematrixgroup.com/s/jp-heating-cooling
277,65,Trades,Roofing,roofing,yes,DV Douglass Roofing,,Y,Garden City,KS,(620) 276-7474,5,6,dv-douglass-roofing,https://ematrixgroup.com/s/dv-douglass-roofing
278,65,Trades,Roofing,roofing,yes,Steel Top Roofing & Construction,,Y,Wichita Falls,TX,(940) 249-3714,4.8,6,steel-top-roofing-construction,https://ematrixgroup.com/s/steel-top-roofing-construction
279,65,Trades,Tree,tree,yes,Blue Ribbon Tree Service,,Y,Powell,WY,(307) 272-2801,5,5,blue-ribbon-tree-service,https://ematrixgroup.com/s/blue-ribbon-tree-service
280,65,Trades,Well/Water,well_water,yes,Bishop Well Drilling Inc,,Y,Buhl,ID,(208) 308-1982,4.2,5,bishop-well-drilling,https://ematrixgroup.com/s/bishop-well-drilling
281,65,Trades,Excavating,excavating,yes,Sorlie Excavating Inc.,,Y,Thompson Falls,MT,(406) 827-4495,5,5,sorlie-excavating,https://ematrixgroup.com/s/sorlie-excavating
282,65,Trades,Septic,septic,yes,Action Septic Pumping,,Y,Bigfork,MT,(406) 837-4714,5,5,action-septic-pumping,https://ematrixgroup.com/s/action-septic-pumping
283,65,Trades,Septic,septic,yes,Darland's Skid Steer Services,,Y,Arco,ID,(208) 720-7532,4.2,5,darlands-skid-steer-services,https://ematrixgroup.com/s/darlands-skid-steer-services
284,65,Trades,Fence,fence,yes,Phoenix Fence,,Y,Filer,ID,(208) 316-7272,5,5,phoenix-fence,https://ematrixgroup.com/s/phoenix-fence
285,65,Trades,Well/Water,well_water,yes,Allstate Well Drilling,Gary Jones,Y,Horseshoe Bend,ID,(208) 462-4621,4.2,5,allstate-well-drilling,https://ematrixgroup.com/s/allstate-well-drilling
286,65,Trades,Roofing,roofing,yes,Range Brothers Roofing,,Y,Arnett,OK,(580) 885-7323,5,5,range-brothers-roofing,https://ematrixgroup.com/s/range-brothers-roofing
287,65,Trades,Tree,tree,yes,Top Notch Tree Works LLC,,Y,Kalispell,MT,(208) 935-5782,5,5,top-notch-tree-works,https://ematrixgroup.com/s/top-notch-tree-works
288,65,Other,Other,(unsupported),no,Rocky Mountain Remodels LLC,,Y,,WY,(307) 352-9509,5,4,,
289,65,Other,Other,(unsupported),no,Smith Septic Pumping,,Y,Polson,MT,(406) 883-6708,5,3,,
290,65,Other,Other,(unsupported),no,"LynnAnn's Path to Nature, Gardening with Conscience",,Y,Rhinelander,WI,(715) 272-2032,5,3,,
291,65,Insurance/RE,Insurance,(unsupported),no,"HOME PROTECTOR INSURANCE, Benque Viejo",,Y,,,(501) 600-3872,4.7,3,,
292,65,Other,Other,(unsupported),no,Gestion Porlier Ltée (Société de),,Y,Schefferville,QC,(418) 585-3453,3,2,,
293,65,Other,Other,(unsupported),no,Louella's Garden Design LLC,,Y,Quitman,AR,(501) 306-9462,5,1,,
294,63,Other,Other,(unsupported),no,GNP Seguros Supervisoría Oaxaca,,Y,,,,3.7,54,,
295,63,Trades,Junk Removal,junk_removal,yes,Beast Mode Moving LLC,,,,MT,(406) 491-0506,4.5,41,beast-mode-moving,https://ematrixgroup.com/s/beast-mode-moving
296,63,Other,Other,(unsupported),no,CORPASA K7,,Y,,,,4.4,40,,
297,63,Other,Other,(unsupported),no,Centro de Atención MetLife La Cascada,,Y,,,,4.7,29,,
298,63,Trades,Tree,tree,yes,Wyo Lawn & Tree,Keith Johnson,Y,Douglas,WY,(307) 358-0595,4.3,4,wyo-lawn-tree,https://ematrixgroup.com/s/wyo-lawn-tree
299,63,Trades,HVAC,hvac,yes,Kevin's Heating,Kevin Gomez,Y,,,(705) 852-0583,4.8,4,kevins-heating,https://ematrixgroup.com/s/kevins-heating
300,63,Trades,Septic,septic,yes,Timberline Services Inc,Christian Edwards,Y,Sundance,WY,(307) 283-2818,5,3,timberline-services,https://ematrixgroup.com/s/timberline-services
301,63,Trades,Tree,tree,yes,Broadus Tree Service L.L.C.,Matt Allen,Y,Broadus,MT,(406) 436-2716,5,1,broadus-tree-service-l-l-c,https://ematrixgroup.com/s/broadus-tree-service-l-l-c
302,63,Trades,Tree,tree,yes,High Country Tree Services,Matt Allen,Y,Butte,MT,(406) 533-8829,5,1,high-country-tree-services,https://ematrixgroup.com/s/high-country-tree-services
303,62,Trades,Junk Removal,junk_removal,yes,Western Waste Solutions Inc,Dave Naughton,Y,Rozet,WY,(307) 685-2556,2,12,western-waste-solutions,https://ematrixgroup.com/s/western-waste-solutions
304,62,Other,Other,(unsupported),no,Gestoría Vehicular SMART Riviera Nayarit,,Y,,,,4.2,9,,
305,62,Other,Other,(unsupported),no,Avenidad Bugambilia,,Y,,,,4.5,6,,
306,62,Other,Other,(unsupported),no,Guardia Nacional 535 CIA,,Y,,,,5,6,,
307,60,Other,Beauty,(unsupported),no,Signature Salon,Alisa Lemmon,Y,Decatur,IL,(217) 864-5641,4.2,73,,
308,60,Trades,Fence,fence,yes,Fortress Fence,,,Pinehurst,ID,(208) 784-3798,4.8,19,fortress-fence,https://ematrixgroup.com/s/fortress-fence
309,60,Trades,Septic,septic,yes,B & B Sani Service,,,Hayden,ID,(208) 772-3566,4.3,18,b-b-sani-service,https://ematrixgroup.com/s/b-b-sani-service
310,60,Trades,Well/Water,well_water,yes,A-1 Drilling,,,Laurel,MT,(406) 628-6364,3.6,17,a-1-drilling,https://ematrixgroup.com/s/a-1-drilling
311,60,Trades,Well/Water,well_water,yes,Teton Water Works,,,Shelley,ID,(208) 357-1850,4.1,16,teton-water-works,https://ematrixgroup.com/s/teton-water-works
312,60,Trades,Tree,tree,yes,Bechtel Tree Service,,,Simms,MT,(406) 468-5203,4.8,14,bechtel-tree-service,https://ematrixgroup.com/s/bechtel-tree-service
313,60,Trades,Plumbing,plumbing,yes,Arrow Septic & Drain,,,Lewistown,MT,(406) 350-0737,4.1,14,arrow-septic-drain,https://ematrixgroup.com/s/arrow-septic-drain
314,60,Trades,Septic,septic,yes,Coats Rooter Service,,,Weston,ID,(208) 747-3928,4.3,13,coats-rooter-service,https://ematrixgroup.com/s/coats-rooter-service
315,60,Trades,Plumbing,plumbing,yes,Standard Plumbing Supply,,Y,Hailey,ID,(208) 578-1740,4.9,10,standard-plumbing-supply,https://ematrixgroup.com/s/standard-plumbing-supply
316,60,Trades,HVAC,hvac,yes,Normandin Heating & AC Inc,,Y,Damar,KS,(785) 839-4444,5,9,normandin-heating-ac,https://ematrixgroup.com/s/normandin-heating-ac
317,60,Trades,HVAC,hvac,yes,"Reid's Hvac Repair Services ( air conditioning and Refrigeration ), solar systems services and hybrid vehicle diagnostics",,Y,,,(876) 835-6196,5,9,reids-hvac-repair-services-air-conditioning-and-refrigeration-solar-systems-services-and-hybrid-vehicle-diagnostics,https://ematrixgroup.com/s/reids-hvac-repair-services-air-conditioning-and-refrigeration-solar-systems-services-and-hybrid-vehicle-diagnostics
318,60,Trades,Fence,fence,yes,Workhorse fencing,,Y,Rock Springs,WY,(307) 274-6297,5,8,workhorse-fencing,https://ematrixgroup.com/s/workhorse-fencing
319,60,Trades,Fence,fence,yes,Fire Line Welding LLC,,Y,Evansville,WY,(307) 797-1098,4.5,8,fire-line-welding,https://ematrixgroup.com/s/fire-line-welding
320,60,Trades,HVAC,hvac,yes,"All Over Heating And Cooling, Llc",,Y,Atwood,KS,(785) 202-2086,4.9,8,all-over-heating-and-cooling,https://ematrixgroup.com/s/all-over-heating-and-cooling
321,60,Trades,HVAC,hvac,yes,Rhinelander Heating & Air Conditioning,,Y,Rhinelander,WI,(715) 979-8228,4.5,8,rhinelander-heating-air-conditioning,https://ematrixgroup.com/s/rhinelander-heating-air-conditioning
322,60,Trades,Roofing,roofing,yes,SR&C Steve's Roofing services & Chimney clean service Ltd,,Y,Sioux City,IA,(712) 317-8543,4.1,8,sr-c-steves-roofing-services-chimney-clean-service-ltd,https://ematrixgroup.com/s/sr-c-steves-roofing-services-chimney-clean-service-ltd
323,60,Trades,Fence,fence,yes,Bull Mountain Fencing and Supply,,Y,Roundup,MT,(406) 323-8006,5,7,bull-mountain-fencing-and-supply,https://ematrixgroup.com/s/bull-mountain-fencing-and-supply
324,60,Trades,Well/Water,well_water,yes,Jim's Well Drilling,,Y,Kuna,ID,(208) 634-0011,5,7,jims-well-drilling,https://ematrixgroup.com/s/jims-well-drilling
325,60,Trades,Septic,septic,yes,MKE Mechanical,,Y,Laramie,WY,(307) 761-1929,3.9,7,mke-mechanical,https://ematrixgroup.com/s/mke-mechanical
326,60,Trades,Tree,tree,yes,Kiwi Petes Tree Services,,Y,Miles City,MT,(406) 232-7029,5,6,kiwi-petes-tree-services,https://ematrixgroup.com/s/kiwi-petes-tree-services
327,60,Trades,Tree,tree,yes,AAA Trees On the Move,,Y,Joliet,MT,(406) 628-1344,4,6,aaa-trees-on-the-move,https://ematrixgroup.com/s/aaa-trees-on-the-move
328,60,Trades,Excavating,excavating,yes,Hoyt Septic & Excavation,,Y,Rupert,ID,(208) 431-4698,5,6,hoyt-septic-excavation,https://ematrixgroup.com/s/hoyt-septic-excavation
329,60,Trades,Fence,fence,yes,Beartooth Fencing LLC,,Y,Reed Point,MT,(406) 425-0332,4.3,6,beartooth-fencing,https://ematrixgroup.com/s/beartooth-fencing
330,60,Trades,Well/Water,well_water,yes,Ward's Well Services Inc,,Y,Riverton,WY,(307) 856-9014,4.8,6,wards-well-services,https://ematrixgroup.com/s/wards-well-services
331,60,Trades,HVAC,hvac,yes,Everett's Heating Ltd,,Y,Aroostook,NB,(506) 273-2431,4.3,6,everetts-heating-ltd,https://ematrixgroup.com/s/everetts-heating-ltd
332,60,Trades,Excavating,excavating,yes,Deno's Excavating Services,,Y,Rupert,ID,(208) 436-6526,4.4,5,denos-excavating-services,https://ematrixgroup.com/s/denos-excavating-services
333,60,Trades,Tree,tree,yes,Joe's Tree Service,,Y,Huntley,MT,(406) 263-7208,3.6,5,joes-tree-service,https://ematrixgroup.com/s/joes-tree-service
334,60,Trades,Well/Water,well_water,yes,Lou's Drilling,,Y,Riverton,WY,(307) 857-3064,4.6,5,lous-drilling,https://ematrixgroup.com/s/lous-drilling
335,60,Trades,Tree,tree,yes,Forest Land Solutions LLC,,Y,Arco,ID,(208) 831-7074,5,5,forest-land-solutions,https://ematrixgroup.com/s/forest-land-solutions
336,60,Trades,HVAC,hvac,yes,Christian Heating And Air,,Y,Metropolis,IL,(618) 638-4040,3.8,5,christian-heating-and-air,https://ematrixgroup.com/s/christian-heating-and-air
337,60,Trades,Roofing,roofing,yes,TXB Roofing & Construction,,Y,Burkburnett,TX,(940) 283-5221,5,5,txb-roofing-construction,https://ematrixgroup.com/s/txb-roofing-construction
338,60,Insurance/RE,Insurance,(unsupported),no,Boyd Conzemius Agency Inc American Family Insurance,,,Pierre,SD,(605) 224-6271,3,2,,
339,60,Other,Other,(unsupported),no,Deneigement honfleur,,Y,Sainte-Monique,QC,(418) 720-2290,5,1,,
340,60,Other,Other,(unsupported),no,Maikel Cueto Peluquería,,Y,,,(535) 418-6438,5,1,,
341,58,Trades,Landscaping,landscaping,yes,Unique Lawn and Landscaping LLC,,Y,Lakewood,CO,(720) 723-9465,5,60,unique-lawn-and-landscaping,https://ematrixgroup.com/s/unique-lawn-and-landscaping
342,58,Trades,Landscaping,landscaping,yes,Rueve Landscape Company,,,Cincinnati,OH,(513) 598-5436,4.9,55,rueve-landscape-company,https://ematrixgroup.com/s/rueve-landscape-company
343,58,Trades,Pressure Washing,pressure_wash,yes,Three Peaks Maintenance LLC.,,,Kimberly,ID,(208) 644-0589,5,45,three-peaks-maintenance,https://ematrixgroup.com/s/three-peaks-maintenance
344,58,Trades,Junk Removal,junk_removal,yes,406 Moving & More,,,,MT,(406) 459-8534,5,37,406-moving-more,https://ematrixgroup.com/s/406-moving-more
345,58,Trades,Landscaping,landscaping,yes,Custom Landscaping,,,Eagle River,WI,(715) 479-6762,4,25,custom-landscaping,https://ematrixgroup.com/s/custom-landscaping
346,58,Trades,Junk Removal,junk_removal,yes,Coyote Sanitation,,,Burns,WY,(307) 547-3654,3.9,24,coyote-sanitation,https://ematrixgroup.com/s/coyote-sanitation
347,58,Trades,Tree,tree,yes,Valley Tree Service LLC,,Y,Hardin,MT,(406) 679-1969,5,4,valley-tree-service,https://ematrixgroup.com/s/valley-tree-service
348,58,Trades,Plumbing,plumbing,yes,B & B Septic Services Inc,,Y,Baker,MT,(406) 778-2599,4.5,4,b-b-septic-services,https://ematrixgroup.com/s/b-b-septic-services
349,58,Trades,Septic,septic,yes,"May Excavation, LLC",Mike,Y,Troy,MT,(406) 295-7540,5,4,may-excavation,https://ematrixgroup.com/s/may-excavation
350,58,Trades,Excavating,excavating,yes,Titan Inc,,Y,Ennis,MT,(406) 682-7714,5,4,titan,https://ematrixgroup.com/s/titan
351,58,Trades,Excavating,excavating,yes,Andre Excavation & Sewer Service,,Y,,MT,(406) 727-0032,5,4,andre-excavation-sewer-service,https://ematrixgroup.com/s/andre-excavation-sewer-service
352,58,Trades,Fence,fence,yes,Cheyenne Fence Company,,Y,,WY,(307) 242-6539,3,4,cheyenne-fence-company,https://ematrixgroup.com/s/cheyenne-fence-company
353,58,Trades,Excavating,excavating,yes,Riverbound Excavation,,Y,Cascade,ID,(208) 954-6831,5,4,riverbound-excavation,https://ematrixgroup.com/s/riverbound-excavation
354,58,Trades,Plumbing,plumbing,yes,"Kew A/c, Refrigeration & Plumbing Services",Brian Garrison,Y,,,(876) 414-3256,5,4,kew-a-c-refrigeration-plumbing-services,https://ematrixgroup.com/s/kew-a-c-refrigeration-plumbing-services
355,58,Trades,HVAC,hvac,yes,Mr AC - Modern Refrigeration and Air Conditioning (Sales & Service),,Y,,,(876) 955-3237,4.3,4,mr-ac-modern-refrigeration-and-air-conditioning-sales-service,https://ematrixgroup.com/s/mr-ac-modern-refrigeration-and-air-conditioning-sales-service
356,58,Trades,HVAC,hvac,yes,Comfort Heating & Air Conditioning,,,New Liskeard,ON,(705) 647-8359,4,4,comfort-heating-air-conditioning,https://ematrixgroup.com/s/comfort-heating-air-conditioning
357,58,Trades,HVAC,hvac,yes,Harmony Heating & Cooling Services,,Y,Hancock,MI,(906) 332-2536,5,4,harmony-heating-cooling-services,https://ematrixgroup.com/s/harmony-heating-cooling-services
358,58,Trades,Well/Water,well_water,yes,Alan's Pump Sales & Services,,Y,Kalispell,MT,(406) 756-7728,5,4,alans-pump-sales-services,https://ematrixgroup.com/s/alans-pump-sales-services
359,58,Trades,Excavating,excavating,yes,Twin Lakes Dirt Works,,Y,Frenchtown,MT,(406) 240-1445,5,3,twin-lakes-dirt-works,https://ematrixgroup.com/s/twin-lakes-dirt-works
360,58,Trades,Well/Water,well_water,yes,Sublette Pump Services,,Y,Pinedale,WY,(307) 413-1398,5,3,sublette-pump-services,https://ematrixgroup.com/s/sublette-pump-services
361,58,Trades,Fence,fence,yes,Lake ARC LLC,,Y,,WY,(307) 371-5981,5,3,lake-arc,https://ematrixgroup.com/s/lake-arc
362,58,Trades,Plumbing,plumbing,yes,DJ's Septic,,Y,Darby,MT,(406) 274-0115,5,3,djs-septic,https://ematrixgroup.com/s/djs-septic
363,58,Trades,Fence,fence,yes,Montana Custom Fence,,Y,Hamilton,MT,(701) 690-7436,5,3,montana-custom-fence,https://ematrixgroup.com/s/montana-custom-fence
364,58,Trades,Fence,fence,yes,Advance Fence,,Y,Sheridan,WY,(307) 673-9200,3.7,3,advance-fence,https://ematrixgroup.com/s/advance-fence
365,58,Trades,Well/Water,well_water,yes,Carl Pitts & Sons Well Drilling & Pump Service LLC,,Y,Oldtown,ID,(208) 437-4168,4,3,carl-pitts-sons-well-drilling-pump-service,https://ematrixgroup.com/s/carl-pitts-sons-well-drilling-pump-service
366,58,Trades,Fence,fence,yes,Ace Fence Company,,Y,Post Falls,ID,(208) 446-4141,5,3,ace-fence-company,https://ematrixgroup.com/s/ace-fence-company
367,58,Trades,Well/Water,well_water,yes,Travis Frandsen Drilling,,Y,Rexburg,ID,(208) 317-5584,5,3,travis-frandsen-drilling,https://ematrixgroup.com/s/travis-frandsen-drilling
368,58,Trades,Roofing,roofing,yes,Wiebe's roofing & construction LLC,,Y,Satanta,KS,(620) 640-7830,5,3,wiebes-roofing-construction,https://ematrixgroup.com/s/wiebes-roofing-construction
369,58,Trades,Roofing,roofing,yes,Aqua Shield Roofing & Construction,,Y,Garden City,KS,(620) 428-6744,5,3,aqua-shield-roofing-construction,https://ematrixgroup.com/s/aqua-shield-roofing-construction
370,58,Trades,Fence,fence,yes,SDK Custom Fencing,,Y,Billings,MT,(406) 839-7828,5,3,sdk-custom-fencing,https://ematrixgroup.com/s/sdk-custom-fencing
371,58,Trades,Fence,fence,yes,Timberline Fencing,,Y,Butte,MT,(406) 494-4996,3.3,3,timberline-fencing,https://ematrixgroup.com/s/timberline-fencing
372,58,Trades,Well/Water,well_water,yes,Rock Creek Drilling Inc,,Y,Cheyenne,WY,(307) 632-5510,5,3,rock-creek-drilling,https://ematrixgroup.com/s/rock-creek-drilling
373,58,Trades,Fence,fence,yes,Gillette Fence Company,,Y,Gillette,WY,(307) 299-8777,4.7,3,gillette-fence-company,https://ematrixgroup.com/s/gillette-fence-company
374,58,Trades,Well/Water,well_water,yes,Central Drilling,Sam,Y,Lewistown,MT,(406) 538-7355,1.5,2,central-drilling,https://ematrixgroup.com/s/central-drilling
375,58,Trades,Septic,septic,yes,Best Septic,,Y,Heron,MT,(406) 499-9969,5,2,best-septic,https://ematrixgroup.com/s/best-septic
376,58,Trades,Fence,fence,yes,Fencing Montana,,Y,Manhattan,MT,(406) 261-8804,5,2,fencing-montana,https://ematrixgroup.com/s/fencing-montana
377,58,Trades,Well/Water,well_water,yes,Verlin's Pump Services,,Y,Lava Hot Springs,ID,(208) 251-5581,5,2,verlins-pump-services,https://ematrixgroup.com/s/verlins-pump-services
378,58,Trades,Excavating,excavating,yes,Simoneau Excavation,,Y,Sainte-Luce,QC,(581) 624-1700,3,2,simoneau-excavation,https://ematrixgroup.com/s/simoneau-excavation
379,58,Trades,HVAC,hvac,yes,C&H Cooling and Heating Inc.,,Y,Bainbridge,NY,(607) 316-4178,5,2,c-h-cooling-and-heating,https://ematrixgroup.com/s/c-h-cooling-and-heating
380,58,Trades,HVAC,hvac,yes,Sir Cool Air Conditioning installation: Air Conditioner Repair Company Jamaica,,Y,,,(876) 852-1506,3,2,sir-cool-air-conditioning-installation-air-conditioner-repair-company-jamaica,https://ematrixgroup.com/s/sir-cool-air-conditioning-installation-air-conditioner-repair-company-jamaica
381,58,Trades,HVAC,hvac,yes,Al's Refrigeration Heating & Air Conditioning,,Y,,,(705) 266-5756,5,2,als-refrigeration-heating-air-conditioning,https://ematrixgroup.com/s/als-refrigeration-heating-air-conditioning
382,58,Trades,Roofing,roofing,yes,Blass Roofing,,Y,New Cordell,OK,(580) 832-0253,5,2,blass-roofing,https://ematrixgroup.com/s/blass-roofing
383,58,Trades,Fence,fence,yes,Boyce Construction,,Y,Havre,MT,(406) 945-3901,5,1,boyce-construction,https://ematrixgroup.com/s/boyce-construction
384,58,Trades,Tree,tree,yes,Tree service & Handyman,,Y,Great Falls,MT,(406) 590-6897,5,1,tree-service-handyman,https://ematrixgroup.com/s/tree-service-handyman
385,58,Other,Other,(unsupported),no,Reparto La Victoria.Carretera de Patria#3Alto,,Y,,,(535) 313-3327,0,0,,
386,57,Trades,Landscaping,landscaping,yes,Freestyle Landscaping Inc.,,,Bélair,MB,(204) 754-7208,4.9,19,freestyle-landscaping,https://ematrixgroup.com/s/freestyle-landscaping
387,57,Other,Other,(unsupported),no,Seguros Serfin S,,,,,,5,13,,
388,57,Other,Other,(unsupported),no,OC MultiSeguros Papantla,,,,,,4.6,11,,
389,57,Trades,Landscaping,landscaping,yes,Grass Gurus,,Y,,MT,(406) 310-6103,4.1,9,grass-gurus,https://ematrixgroup.com/s/grass-gurus
390,57,Trades,Pressure Washing,pressure_wash,yes,Bighorn Pressure Wash,,Y,,WY,(307) 250-8860,5,9,bighorn-pressure-wash,https://ematrixgroup.com/s/bighorn-pressure-wash
391,57,Trades,Pressure Washing,pressure_wash,yes,Montana Wash LLC,,Y,,MT,(406) 565-9283,5,8,montana-wash,https://ematrixgroup.com/s/montana-wash
392,57,Trades,Junk Removal,junk_removal,yes,Bootstrap Hauling LLC,,Y,,WY,(307) 314-2084,5,8,bootstrap-hauling,https://ematrixgroup.com/s/bootstrap-hauling
393,57,Other,Other,(unsupported),no,Tu especialista en seguros,,Y,,,,5,8,,
394,57,Trades,Landscaping,landscaping,yes,Thompson Lawn Service,,Y,Starkville,MS,(662) 722-8370,5,8,thompson-lawn-service,https://ematrixgroup.com/s/thompson-lawn-service
395,57,Trades,Pressure Washing,pressure_wash,yes,Gonzalez Lawn Care Services,,Y,Jerome,ID,(208) 539-5032,5,7,gonzalez-lawn-care-services,https://ematrixgroup.com/s/gonzalez-lawn-care-services
396,57,Trades,Landscaping,landscaping,yes,Alpine Landscaping Northwoods LLC,,Y,Rhinelander,WI,(715) 490-1103,4.3,6,alpine-landscaping-northwoods,https://ematrixgroup.com/s/alpine-landscaping-northwoods
397,57,Trades,Junk Removal,junk_removal,yes,WYCO Waste Services LLC,,Y,Dubois,WY,(307) 450-3217,4.2,5,wyco-waste-services,https://ematrixgroup.com/s/wyco-waste-services
398,57,Trades,Landscaping,landscaping,yes,Yard Works Design,,Y,Denver,CO,(720) 381-0858,5,5,yard-works-design,https://ematrixgroup.com/s/yard-works-design
399,57,Trades,Cleaning,cleaning,yes,"Under Pressure Power Washing, LLC",,Y,Great Falls,MT,(406) 781-6734,3.6,5,under-pressure-power-washing,https://ematrixgroup.com/s/under-pressure-power-washing
400,55,Insurance/RE,Insurance,(unsupported),no,Next Level Insurance,Mari Van Meter (agent),,Salt Lake City,UT,(385) 289-0808,4.8,441,,
401,55,Insurance/RE,Insurance,(unsupported),no,Inszone Insurance Services,"Chris Walters (Principal Owner/CEO, Inszone)",Y,Thousand Oaks,CA,(805) 496-1424,4.9,193,,
402,55,Other,Beauty,(unsupported),no,Sea Level Spa and Salon,Luz Gamboa (staff/contact),Y,Marathon,FL,(305) 916-0919,4.8,166,,
403,55,Insurance/RE,Insurance,(unsupported),no,"Mountain View Insurance Agency, Inc.",,Y,El Paso,TX,(915) 855-2599,4.8,98,,
404,55,Other,Beauty,(unsupported),no,Salon 620,Kandice Hamilton & Shanna Page,Y,Arkadelphia,AR,(870) 246-6292,4.6,95,,
405,55,Other,Other,(unsupported),no,Aire Care,Jeff Koski,Y,Houghton,MI,(906) 482-3500,4.4,75,,
406,55,Other,Other,(unsupported),no,Jardin d'Or,,,Saint-Félicien,QC,(418) 679-3593,4.9,42,,
407,55,Insurance/RE,Insurance,(unsupported),no,Carolina Insurance Agency,,Y,Youngsville,NC,(919) 556-5682,4.8,41,,
408,55,Insurance/RE,Insurance,(unsupported),no,Insurance Corporation of Belize & Nationwide Cash Express Benque Viejo Branch,,,,,(501) 823-2319,4,41,,
409,55,Insurance/RE,Insurance,(unsupported),no,People's Insurance Inc,,Y,Leitchfield,KY,(270) 259-3711,4,35,,
410,55,Other,Beauty,(unsupported),no,Maletta's Hair Care,,,Thunder Bay,ON,(807) 344-1116,4.7,33,,
411,55,Insurance/RE,Real Estate,(unsupported),no,The Amanda Wilson Team - ERA Martin and Associates,,,Gallipolis,OH,(937) 607-0628,5,27,,
412,55,Insurance/RE,Insurance,(unsupported),no,Hayes Insurance Group,,,Eugene,OR,(541) 762-8000,4.8,23,,
413,55,Insurance/RE,Insurance,(unsupported),no,Alamosa Insurance Agency,,,Alamosa,CO,(719) 349-5498,4.6,21,,
414,55,Insurance/RE,Real Estate,(unsupported),no,Cindy Sellstrom Real Estate Agent,,,Jamestown,NY,(716) 485-3498,5,20,,
415,53,Other,Beauty,(unsupported),no,Beyond Beauty Salon & Spa,Ciesel Myers,Y,Centerville,IA,(641) 437-7048,4.9,13,,
416,53,Insurance/RE,Real Estate,(unsupported),no,"Sherri Cobus EXP Realty, Brokerage","Sherri Cobus (Broker, eXp)",Y,Renfrew,ON,(613) 432-1947,5,12,,
417,53,Insurance/RE,Insurance,(unsupported),no,Master Insurance LLC (Monte Vista),Clinton Hayes.,Y,Monte Vista,CO,(720) 776-0592,5,8,,
418,53,Other,Other,(unsupported),no,Electr'Iles Inc,Transport Canada,Y,Cap-aux-Meules,QC,(418) 986-5955,4.8,5,,
419,53,Trades,Well/Water,well_water,yes,M T Poverty Well Drilling,,Y,Lincoln,MT,(406) 362-4536,4.8,4,m-t-poverty-well-drilling,https://ematrixgroup.com/s/m-t-poverty-well-drilling
420,53,Trades,Well/Water,well_water,yes,Tyler Exploration,,Y,Douglas,WY,(307) 358-9300,5,4,tyler-exploration,https://ematrixgroup.com/s/tyler-exploration
421,53,Trades,Tree,tree,yes,Riverside Tree Services,,Y,Payette,ID,(208) 642-1154,3,4,riverside-tree-services,https://ematrixgroup.com/s/riverside-tree-services
422,53,Trades,Well/Water,well_water,yes,Burkhart Well Drilling & Pump,,Y,Buhl,ID,(208) 537-9945,4.5,4,burkhart-well-drilling-pump,https://ematrixgroup.com/s/burkhart-well-drilling-pump
423,53,Trades,Plumbing,plumbing,yes,McGowan Sewer Service LLC,,Y,,MT,(406) 270-4340,4,4,mcgowan-sewer-service,https://ematrixgroup.com/s/mcgowan-sewer-service
424,53,Trades,Well/Water,well_water,yes,Mc Leran Well Drilling LLC,,Y,New Plymouth,ID,(208) 941-2587,5,4,mc-leran-well-drilling,https://ematrixgroup.com/s/mc-leran-well-drilling
425,53,Trades,HVAC,hvac,yes,Green Heating & Air Conditioning,,Y,Indianola,MS,(662) 887-3683,5,4,green-heating-air-conditioning,https://ematrixgroup.com/s/green-heating-air-conditioning
426,53,Trades,Roofing,roofing,yes,BlueRidge Roofing Systems,,Y,Garden City,KS,(620) 265-5617,5,4,blueridge-roofing-systems,https://ematrixgroup.com/s/blueridge-roofing-systems
427,53,Trades,Well/Water,well_water,yes,Baja Water Wells and Services,,Y,Coeur d'Alene,ID,(208) 755-8220,5,4,baja-water-wells-and-services,https://ematrixgroup.com/s/baja-water-wells-and-services
428,53,Trades,Well/Water,well_water,yes,Sharp Drilling,,Y,Sidney,MT,(406) 482-5620,4.7,3,sharp-drilling,https://ematrixgroup.com/s/sharp-drilling
429,53,Trades,Well/Water,well_water,yes,4 J Well Services Inc. Shop,,Y,Baker,MT,(406) 778-3856,5,3,4-j-well-services-shop,https://ematrixgroup.com/s/4-j-well-services-shop
430,53,Trades,Excavating,excavating,yes,Haskins Excavating Llc,,Y,Superior,MT,(406) 382-0090,4.7,3,haskins-excavating,https://ematrixgroup.com/s/haskins-excavating
431,53,Trades,Septic,septic,yes,Fritz's Septic,,Y,Torrington,WY,(307) 532-2227,5,3,fritzs-septic,https://ematrixgroup.com/s/fritzs-septic
432,53,Trades,Plumbing,plumbing,yes,Roumell Plumbing & Heating Inc,,Y,Glenrock,WY,(307) 436-9888,5,3,roumell-plumbing-heating,https://ematrixgroup.com/s/roumell-plumbing-heating
433,53,Trades,Plumbing,plumbing,yes,Levi Valdez Septic Tank Clg,,Y,Rupert,ID,(208) 436-6774,4.7,3,levi-valdez-septic-tank-clg,https://ematrixgroup.com/s/levi-valdez-septic-tank-clg
434,53,Trades,Plumbing,plumbing,yes,Sweet's Sewer & Drain Cleaning,,Y,Bellevue,ID,(208) 788-0245,5,3,sweets-sewer-drain-cleaning,https://ematrixgroup.com/s/sweets-sewer-drain-cleaning
435,53,Trades,Tree,tree,yes,Aspen Tree Service,,Y,Thermopolis,WY,(307) 921-9420,5,3,aspen-tree-service,https://ematrixgroup.com/s/aspen-tree-service
436,53,Trades,Septic,septic,yes,Pep's Septic Pumping,,Y,Salmon,ID,(208) 756-4697,5,3,peps-septic-pumping,https://ematrixgroup.com/s/peps-septic-pumping
437,53,Trades,HVAC,hvac,yes,Halifax Heating & Air Conditioning,,Y,Halifax,NS,(902) 450-5651,2.3,3,halifax-heating-air-conditioning,https://ematrixgroup.com/s/halifax-heating-air-conditioning
438,53,Trades,HVAC,hvac,yes,Triplett AC & Heating,,Y,Cleveland,MS,(662) 846-6252,5,3,triplett-ac-heating,https://ematrixgroup.com/s/triplett-ac-heating
439,53,Trades,Well/Water,well_water,yes,Stasis Spa And Wellness,,Y,Salem,OH,(330) 257-8357,5,3,stasis-spa-and-wellness,https://ematrixgroup.com/s/stasis-spa-and-wellness
440,53,Trades,Well/Water,well_water,yes,H & H Drilling,,Y,Glendive,MT,(406) 377-5952,4.5,2,h-h-drilling,https://ematrixgroup.com/s/h-h-drilling
441,53,Trades,Tree,tree,yes,Tim Schertel Tree Service,,Y,Libby,MT,(406) 293-6781,5,2,tim-schertel-tree-service,https://ematrixgroup.com/s/tim-schertel-tree-service
442,53,Trades,Fence,fence,yes,Wild West Fencing,,Y,,WY,(307) 259-0809,5,2,wild-west-fencing,https://ematrixgroup.com/s/wild-west-fencing
443,53,Trades,Well/Water,well_water,yes,Swenson Drilling Inc.,,Y,Sidney,MT,(406) 488-1270,5,1,swenson-drilling,https://ematrixgroup.com/s/swenson-drilling
444,52,Trades,Roofing,roofing,yes,Central Kansas Roofing LLC,,Y,Gorham,KS,(785) 483-0486,0,0,central-kansas-roofing,https://ematrixgroup.com/s/central-kansas-roofing
445,52,Trades,Roofing,roofing,yes,Patriot Roofing and Restoration,,Y,Long Island,KS,(785) 543-0387,0,0,patriot-roofing-and-restoration,https://ematrixgroup.com/s/patriot-roofing-and-restoration
446,52,Trades,Landscaping,landscaping,yes,Trisler Landscape Inc.,,,Jackson,MS,(601) 977-9082,4.2,17,trisler-landscape,https://ematrixgroup.com/s/trisler-landscape
447,52,Trades,Pressure Washing,pressure_wash,yes,Circle T Truck Wash,,,Jerome,ID,(208) 329-9495,4.2,15,circle-t-truck-wash,https://ematrixgroup.com/s/circle-t-truck-wash
448,52,Trades,Pressure Washing,pressure_wash,yes,307 Surface Solutions,,,,WY,(307) 461-9702,5,14,307-surface-solutions,https://ematrixgroup.com/s/307-surface-solutions
449,52,Trades,Landscaping,landscaping,yes,Great Plains Landscape & Design,,Y,Beloit,KS,(785) 738-2016,4.5,10,great-plains-landscape-design,https://ematrixgroup.com/s/great-plains-landscape-design
450,52,Trades,Cleaning,cleaning,yes,Clean Fibers LLC,,Y,Colstrip,MT,(406) 901-7762,5,8,clean-fibers,https://ematrixgroup.com/s/clean-fibers
451,52,Trades,Cleaning,cleaning,yes,Cold Smoke Cleaners,,Y,,MT,(406) 902-9247,5,8,cold-smoke-cleaners,https://ematrixgroup.com/s/cold-smoke-cleaners
452,52,Trades,Landscaping,landscaping,yes,Lawnco Lawn Services,,Y,Norfolk,NE,(402) 379-0506,4.8,6,lawnco-lawn-services,https://ematrixgroup.com/s/lawnco-lawn-services
453,52,Trades,Landscaping,landscaping,yes,Cyrene lawn care and maintenance,,Y,Houston,MS,(662) 542-1624,5,6,cyrene-lawn-care-and-maintenance,https://ematrixgroup.com/s/cyrene-lawn-care-and-maintenance
454,52,Trades,Landscaping,landscaping,yes,FLM Lawn Care and Landscaping,,Y,Pine Bluff,AR,(870) 592-8743,3.4,5,flm-lawn-care-and-landscaping,https://ematrixgroup.com/s/flm-lawn-care-and-landscaping
455,50,Other,Other,(unsupported),no,Levi King Concrete & Construction,,,Payette,ID,(208) 739-2268,4.8,51,,
456,50,Insurance/RE,Insurance,(unsupported),no,Lange Insurance Agency,,,Grants,NM,(505) 285-6063,4.7,45,,
457,50,Other,Beauty,(unsupported),no,New Spring Breeze Spa,,,Key Largo,FL,(305) 735-4503,5,43,,
458,50,Other,Other,(unsupported),no,Lucid Terra,,,Tyler,TX,(903) 213-5525,4.9,41,,
459,50,Other,Beauty,(unsupported),no,Yeny Masajes Linfático Spa,,,Florida City,FL,(786) 236-6552,5,28,,
460,50,Other,Beauty,(unsupported),no,spring breeze spa,,,Tavernier,FL,(305) 916-5063,5,21,,
461,50,Trades,Electrical,(unsupported),no,Brooks Kansas City Electric Services Inc.,,,Kansas City,KS,,4.9,15,,
462,50,Trades,HVAC,hvac,yes,Barham Heating & Air Conditioning,,Y,McGehee,AR,,4.2,5,barham-heating-air-conditioning,https://ematrixgroup.com/s/barham-heating-air-conditioning
463,50,Trades,Pressure Washing,pressure_wash,yes,Trash Bin Cleaning,,Y,,WY,(307) 369-3114,4.8,4,trash-bin-cleaning,https://ematrixgroup.com/s/trash-bin-cleaning
464,50,Trades,Junk Removal,junk_removal,yes,JESUS Solutions LLC,,Y,,WY,(307) 622-7744,5,4,jesus-solutions,https://ematrixgroup.com/s/jesus-solutions
465,50,Trades,Landscaping,landscaping,yes,G&G Landscaping Services Inc.,,Y,Hailey,ID,(208) 788-1708,5,4,g-g-landscaping-services,https://ematrixgroup.com/s/g-g-landscaping-services
466,50,Trades,Landscaping,landscaping,yes,Grasshopper lawn care,,Y,Parkersburg,WV,(304) 615-3540,4.3,4,grasshopper-lawn-care,https://ematrixgroup.com/s/grasshopper-lawn-care
467,50,Trades,Junk Removal,junk_removal,yes,Stryker's on Doody,,Y,,WY,(307) 881-2675,5,3,strykers-on-doody,https://ematrixgroup.com/s/strykers-on-doody
468,50,Trades,Junk Removal,junk_removal,yes,Eagle Cliff Dumpster and Trailer Services,,Y,,WY,(307) 680-1970,5,3,eagle-cliff-dumpster-and-trailer-services,https://ematrixgroup.com/s/eagle-cliff-dumpster-and-trailer-services
469,50,Trades,Landscaping,landscaping,yes,Four Seasons Lawn Care,,Y,Norfolk,NE,(402) 992-6415,5,3,four-seasons-lawn-care,https://ematrixgroup.com/s/four-seasons-lawn-care
470,50,Trades,Landscaping,landscaping,yes,Jv patios & landscaping,,Y,,,(787) 408-1730,4,3,jv-patios-landscaping,https://ematrixgroup.com/s/jv-patios-landscaping
471,50,Trades,Junk Removal,junk_removal,yes,Dependable Dumpster Rentals Chinook,,Y,Chinook,MT,(406) 201-2708,4.5,2,dependable-dumpster-rentals-chinook,https://ematrixgroup.com/s/dependable-dumpster-rentals-chinook
472,50,Trades,Landscaping,landscaping,yes,Best Landscaping,,Y,Marietta,OH,(740) 373-5922,5,2,best-landscaping,https://ematrixgroup.com/s/best-landscaping
473,50,Trades,Landscaping,landscaping,yes,"M&M Landscape and Lawn, Inc.",,Y,Sage,AR,(870) 368-5522,5,2,m-m-landscape-and-lawn,https://ematrixgroup.com/s/m-m-landscape-and-lawn
474,50,Trades,Landscaping,landscaping,yes,The Ranches Landscaping LLC,,Y,Indianapolis,IN,(317) 200-4088,5,1,the-ranches-landscaping,https://ematrixgroup.com/s/the-ranches-landscaping
475,50,Trades,Landscaping,landscaping,yes,Triple L Lawns Landscaping & Labor,,Y,Belpre,OH,(304) 483-3785,5,1,triple-l-lawns-landscaping-labor,https://ematrixgroup.com/s/triple-l-lawns-landscaping-labor
476,50,Trades,Landscaping,landscaping,yes,Terry Fraser Landscape Planning,,Y,Kenora,ON,(807) 468-1270,4,1,terry-fraser-landscape-planning,https://ematrixgroup.com/s/terry-fraser-landscape-planning
477,50,Trades,Landscaping,landscaping,yes,X-Pert Lawn & Landscaping,,Y,Hartington,NE,(402) 254-6202,5,1,x-pert-lawn-landscaping,https://ematrixgroup.com/s/x-pert-lawn-landscaping
478,50,Trades,Landscaping,landscaping,yes,Jueden Lawn Services,,Y,Hartington,NE,(402) 254-6339,5,1,jueden-lawn-services,https://ematrixgroup.com/s/jueden-lawn-services
479,50,Trades,Landscaping,landscaping,yes,J D Lawncare Services ( Jerome Dunnigan),,Y,Columbus,MS,(662) 352-5115,5,1,j-d-lawncare-services-jerome-dunnigan,https://ematrixgroup.com/s/j-d-lawncare-services-jerome-dunnigan
480,50,Trades,Landscaping,landscaping,yes,M Duguay Landscaping,,Y,Allardville Parish,NB,(506) 252-6272,5,1,m-duguay-landscaping,https://ematrixgroup.com/s/m-duguay-landscaping
481,48,Insurance/RE,Insurance,(unsupported),no,Bemidji Insurance Plus,,Y,Bemidji,MN,(218) 751-3771,4.3,18,,
482,48,Insurance/RE,Insurance,(unsupported),no,Insurance Corporation of Belize & Nationwide Cash Express Santa Elena Branch,,Y,,,(501) 824-2540,4.3,12,,
483,48,Insurance/RE,Real Estate,(unsupported),no,Kim Kroner REALTOR,"Kim Kroner (Principal Broker, Kroner & Co.)",Y,Ashburn,VA,(703) 946-2526,5,12,,
484,48,Insurance/RE,Insurance,(unsupported),no,360 Insurance,Shari Oliver (agent),Y,Monte Vista,CO,(719) 852-8840,4.9,11,,
485,48,Insurance/RE,Insurance,(unsupported),no,Insurance Corporation of Belize & Nationwide Cash Express Seine Bight Agency,,Y,,,(501) 523-3555,4.3,11,,
486,48,Other,Beauty,(unsupported),no,Chelsea's Spa,Chelsea (esthetician/lash artist),Y,Fairfield,IA,(641) 451-4259,5,11,,
487,48,Insurance/RE,Insurance,(unsupported),no,RF&G Insurance Company Ltd. Agency - J.O. Espejo Agent,,Y,,,(501) 822-0958,4.6,9,,
488,48,Other,Other,(unsupported),no,Lonetree Inspections and Repairs,,Y,Green River,WY,(307) 870-6110,5,8,,
489,48,Other,Beauty,(unsupported),no,Cedar Rose Spa,,Y,Fairfield,IA,(641) 209-9725,5,8,,
490,48,Other,Other,(unsupported),no,"JMF Services, Inc",,Y,Libby,MT,(406) 293-7588,5,7,,
491,48,Other,Other,(unsupported),no,Harber Construction,,Y,Pinedale,WY,(307) 231-4300,5,7,,
492,48,Insurance/RE,Insurance,(unsupported),no,Secure Care Health Insurance SD,,Y,Pierre,SD,(605) 204-9939,5,7,,
493,48,Other,Other,(unsupported),no,Taylor Heat & Air,,Y,Boyle,MS,(662) 843-8844,3.4,7,,
494,48,Other,Other,(unsupported),no,Lafleur Gardens Ltd,,Y,Timmins,ON,(705) 268-2323,3.6,7,,
495,48,Other,Other,(unsupported),no,Faltree Farm,,Y,Loma,MT,(406) 696-7339,5,6,,
496,48,Other,Other,(unsupported),no,The AC BOX,,Y,,,(876) 451-1689,5,6,,
497,48,Other,Beauty,(unsupported),no,Hairband The,,Y,Terrace Bay,ON,(807) 825-4247,4.7,6,,
498,48,Other,Other,(unsupported),no,Sorlie Septic Services,,Y,Trout Creek,MT,(406) 827-0888,4.2,5,,
499,48,Other,Other,(unsupported),no,Staggs Contracting LLC,,Y,,MT,(406) 595-6555,4.2,5,,
500,48,Other,Other,(unsupported),no,M Diamond Drilling,,Y,Bozeman,MT,(406) 586-8104,5,5,,
501,48,Other,Other,(unsupported),no,Nath Hurtado,,Y,,,,0,0,,
502,48,Other,Other,(unsupported),no,Architecture 1er Plan & Déco,,Y,,,,0,0,,
503,48,Other,Other,(unsupported),no,Harold Multi services,,Y,,,,0,0,,
504,48,Insurance/RE,Real Estate,(unsupported),no,Re/Max Generations Realty,,Y,Marathon,ON,,0,0,,
505,47,Trades,Well/Water,well_water,yes,Hillman Drilling,,Y,Livingston,MT,(406) 222-9355,0,0,hillman-drilling,https://ematrixgroup.com/s/hillman-drilling
506,47,Trades,HVAC,hvac,yes,TC HVAC,,Y,Randolph,NE,(402) 360-0555,0,0,tc-hvac,https://ematrixgroup.com/s/tc-hvac
507,45,Other,Other,(unsupported),no,TIENDA AXA OAXACA,,,,,,3.8,43,,
508,45,Trades,Junk Removal,junk_removal,yes,Tamietti House Moving-Construction,,Y,Whitehall,MT,(406) 494-2678,4,4,tamietti-house-moving-construction,https://ematrixgroup.com/s/tamietti-house-moving-construction
509,45,Trades,Landscaping,landscaping,yes,Chalk Buttes Landscaping,,Y,Douglas,WY,(307) 358-4595,5,4,chalk-buttes-landscaping,https://ematrixgroup.com/s/chalk-buttes-landscaping
510,45,Trades,Junk Removal,junk_removal,yes,BAMN Junk Removal and Moving LLC,,Y,,MT,(406) 623-1326,5,3,bamn-junk-removal-and-moving,https://ematrixgroup.com/s/bamn-junk-removal-and-moving
511,45,Trades,Landscaping,landscaping,yes,Central MS Landscaping,,Y,Brandon,MS,(601) 942-9363,5,3,central-ms-landscaping,https://ematrixgroup.com/s/central-ms-landscaping
512,43,Other,Other,(unsupported),no,Air Now,,,Key Largo,FL,(305) 684-7971,5,18,,
513,43,Other,Beauty,(unsupported),no,Classicut Hair Design,,,Nipigon,ON,(807) 887-3061,4.9,14,,
514,43,Insurance/RE,Insurance,(unsupported),no,"Home Protector Insurance Agency, Santa Elena Town",,Y,,,(501) 660-1928,5,11,,
515,43,Other,Other,(unsupported),no,S & B Services,,Y,Chillicothe,MO,(660) 707-1040,4.4,9,,
516,43,Other,Other,(unsupported),no,Excel Drilling,,Y,Bozeman,MT,(406) 994-0092,5,9,,
517,43,Other,Other,(unsupported),no,Producers Choice LLC,,Y,Pierre,SD,(605) 989-2102,5,8,,
518,43,Insurance/RE,Insurance,(unsupported),no,Dave Johnson Insurance,,Y,Pierre,SD,(605) 972-1013,5,7,,
519,43,Other,Other,(unsupported),no,"V & M AC & Refrigeration Distributors, LLC",,Y,,,(876) 952-8347,4.7,6,,
520,43,Other,Other,(unsupported),no,Excel property maintenance,,Y,,,(732) 520-0055,5,5,,
521,43,Other,Other,(unsupported),no,Letram Enterprises,,Y,Cheyenne,WY,(307) 514-3695,5,5,,
522,42,Other,Other,(unsupported),no,Fournier Construction LLC,,Y,Sandpoint,ID,(208) 265-8935,5,4,,
523,42,Other,Other,(unsupported),no,Les Pouces Verts de la Montagne,,Y,Saint-Gabriel-de-Rimouski,QC,(418) 798-4551,4,4,,
524,42,Other,Other,(unsupported),no,Divert Gazon Enr,,Y,Rimouski,QC,(418) 724-4099,4,4,,
525,42,Other,Finance,(unsupported),no,Vision Credit Union,,Y,Consort,AB,(403) 577-2650,4.3,4,,
526,42,Insurance/RE,Insurance,(unsupported),no,Albuquerque's Affordable Insurance Agency,,Y,Albuquerque,NM,(510) 605-3168,5,4,,
527,42,Other,Other,(unsupported),no,I Q Construction,,Y,Laramie,WY,(307) 761-0042,5,4,,
528,42,Other,Other,(unsupported),no,Greenacre Excavation and Welding Inc,,Y,Powell,WY,(307) 296-6407,5,3,,
529,42,Insurance/RE,Insurance,(unsupported),no,Eason Insurance Service Inc,,Y,Tonopah,NV,(775) 482-6221,3.7,3,,
530,42,Insurance/RE,Insurance,(unsupported),no,Lamoille Valley Insurance Agency,,Y,Johnson,VT,(802) 635-9220,5,3,,
531,42,Other,Other,(unsupported),no,Yves Rochefort,Jim,Y,Val-d'Or,QC,(819) 850-6354,4,3,,
532,42,Other,Other,(unsupported),no,Air Pro Inc,,Y,Chibougamau,QC,(418) 770-7227,3.3,3,,
533,42,Insurance/RE,Real Estate,(unsupported),no,Northern Chautaqua Realty Inc,,Y,Fredonia,NY,(716) 672-7222,5,3,,
534,42,Other,Other,(unsupported),no,ZMC Massage,,Y,Ashburn,VA,(703) 220-4033,5,3,,
535,42,Other,Other,(unsupported),no,Gestion Loiselle Inc,,Y,Baie-Comeau,QC,(418) 296-4448,4.5,2,,
536,42,Insurance/RE,Insurance,(unsupported),no,Points West Insurance,,Y,Kimball,NE,(308) 235-2821,5,2,,
537,42,Other,Other,(unsupported),no,Nadeau Refrigeration Enrg,,Y,Fatima,QC,(418) 986-2237,5,2,,
538,42,Other,Other,(unsupported),no,Bonair Ventilation,,Y,Saint-Étienne-des-Grès,QC,(819) 374-5253,5,2,,
539,42,Other,Beauty,(unsupported),no,Serenity Now Day Spa,,Y,Centerville,IA,(641) 856-6691,5,2,,
540,42,Other,Accounting,(unsupported),no,e3 Tax Service,,Y,Kirksville,MO,(660) 627-0900,5,2,,
541,42,Other,Accounting,(unsupported),no,JH Tax and Accounting LLC.,,Y,Moberly,MO,(660) 263-3388,5,2,,
542,42,Other,Other,(unsupported),no,331 Sport & Nature Inc.,,Y,Memramcook,NB,(506) 233-9153,5,1,,
543,42,Other,Other,(unsupported),no,Entreprises D Lebrun,,Y,Amqui,QC,(418) 629-5855,3,1,,
544,42,Other,Other,(unsupported),no,Baudette Agency,,Y,Baudette,MN,(218) 634-1872,5,1,,
545,42,Insurance/RE,Insurance,(unsupported),no,John White Insurance,,Y,Sidney,NE,(308) 254-0283,5,1,,
546,42,Insurance/RE,Insurance,(unsupported),no,Terry Tharp Nationwide Insurance,,Y,Little Rock,AR,(501) 224-7666,5,1,,
547,42,Insurance/RE,Insurance,(unsupported),no,Mefferd Agency-Farmers Union Insurance-Andrew Mefferd,,Y,Pierre,SD,(605) 222-7979,5,1,,
548,42,Insurance/RE,Insurance,(unsupported),no,"At The Point Insurance Services, Inc.",,Y,San Diego,CA,(619) 693-6105,5,1,,
549,42,Other,Other,(unsupported),no,Madawaska Energy Solutions Inc,,Y,Edmundston,NB,(506) 740-4336,5,1,,
550,42,Other,Other,(unsupported),no,El Cerro Garden,,Y,,,(939) 339-9852,5,1,,
551,42,Other,Other,(unsupported),no,Aménagement JMS,,Y,Sainte-Monique,QC,(581) 230-0707,1,1,,
552,42,Other,Other,(unsupported),no,Moody Roots,,Y,Thunder Bay,ON,(807) 474-6893,5,1,,
553,42,Other,Other,(unsupported),no,Keratinas Roxi,,Y,,,(535) 691-9929,5,1,,
554,42,Other,Beauty,(unsupported),no,Spa Terra,,Y,Monroe,LA,(318) 600-4364,5,1,,
555,42,Other,Other,(unsupported),no,Sayre & Associates,,Y,Milan,MO,(660) 265-4624,5,1,,
556,42,Trades,Roofing,roofing,yes,"R5 Roofing, Llc",Deanna Rupp,Y,Hays,KS,,0,0,r5-roofing,https://ematrixgroup.com/s/r5-roofing
557,40,Trades,Landscaping,landscaping,yes,Green Thumb Landscaping,,Y,Norfolk,NE,,5,1,green-thumb-landscaping,https://ematrixgroup.com/s/green-thumb-landscaping
558,38,Other,Other,(unsupported),no,ASESORES MONTOYA,Elisabet / Anthony Montoya,Y,,,,4.5,13,,
559,38,Insurance/RE,Insurance,(unsupported),no,Home protector insurance,,Y,,,,4.9,9,,
560,38,Other,Other,(unsupported),no,Inbursa,,Y,,,,3.8,8,,
561,38,Other,Other,(unsupported),no,Met Life,,Y,,,,4.1,8,,
562,38,Other,Other,(unsupported),no,MetLife Plaza Santa Elena,,Y,,,,5,7,,
563,38,Other,Other,(unsupported),no,Leben Life,,Y,,,,3.4,5,,
564,37,Other,Other,(unsupported),no,Ins & Outs,,Y,Greers Ferry,AR,(501) 270-9102,5,4,,
565,37,Insurance/RE,Insurance,(unsupported),no,Overland SR22 Insurance Agency - Texas,,Y,El Paso,TX,(915) 339-9753,5,4,,
566,37,Other,Other,(unsupported),no,"Devost Refrigeration ""2010"" Inc.",,Y,Grand-Sault,NB,(506) 473-1274,4,4,,
567,37,Insurance/RE,Real Estate,(unsupported),no,"Mari Trosclair, Real Estate Consultant",,Y,Pittsboro,NC,(919) 619-2236,5,4,,
568,37,Other,Beauty,(unsupported),no,Sherry full body massage and spa,,Y,Tyler,TX,(213) 608-9027,3,4,,
569,37,Other,Other,(unsupported),no,Quality Septic & Sewer Services,,Y,Miles City,MT,(406) 234-1710,5,3,,
570,37,Other,Other,(unsupported),no,Stunley Gardens,,Y,Foresters Falls,ON,(613) 646-7364,5,3,,
571,37,Other,Accounting,(unsupported),no,ABC Tax Prep Service LLC,,Y,Brookfield,MO,(660) 214-0691,5,3,,
572,37,Other,Other,(unsupported),no,John w Gillum LLC,,Y,Kirksville,MO,(660) 627-1259,5,3,,
573,37,Other,Other,(unsupported),no,Assurances Roy & Thiboutot Inc,,Y,Val-d'Or,QC,(819) 825-2999,3.5,2,,
574,37,Other,Other,(unsupported),no,Alexandria Refrigeration,,Y,Alexandria,MN,(320) 762-0585,5,2,,
575,37,Other,Other,(unsupported),no,Assurances Guy Rochefort,,Y,Val-d'Or,QC,(819) 825-6052,5,1,,
576,37,Other,Other,(unsupported),no,Climat-Lac Inc,,Y,Roberval,QC,(418) 275-5445,5,1,,
577,37,Other,Other,(unsupported),no,Pelletier Sheet Metal,,Y,Edmundston,NB,(506) 735-4504,5,1,,
578,37,Other,Other,(unsupported),no,DESIGN PAYSAGE,,Y,Roberval,QC,(418) 275-0751,5,1,,
579,35,Other,Other,(unsupported),no,Sara A. Anderson Agency Inc.,,Y,Blackduck,MN,(218) 835-7711,0,0,,
580,35,Other,Other,(unsupported),no,Halpenny Agencies,,Y,,,(403) 326-3818,0,0,,
581,35,Other,Other,(unsupported),no,Marie Stickel,,Y,,,(403) 577-3380,0,0,,
582,35,Other,Other,(unsupported),no,Paysagement R.Blouin,,Y,Roberval,QC,(819) 574-0491,0,0,,
583,33,Other,Other,(unsupported),no,GNP Destino Seguros,,Y,,,,4.5,8,,
584,33,Other,Other,(unsupported),no,PROMARQ Asesores Patrimoniales,,Y,,,,5,8,,
585,33,Other,Other,(unsupported),no,"Click Seguros, Agente de Seguros y Fianzas. PACHUCA",,Y,,,,5,5,,
586,32,Other,Other,(unsupported),no,Grupo Nacional Provincial,,Y,,,,4,4,,
587,30,Insurance/RE,Insurance,(unsupported),no,Home Protector Insurance Agent,,Y,,,(501) 625-0756,0,0,,
588,30,Other,Other,(unsupported),no,FrostFlow Ac Services,,Y,,,(876) 841-0273,0,0,,
589,30,Other,Beauty,(unsupported),no,SALON KENIA,,Y,,,(535) 524-5297,0,0,,
590,27,Other,Other,(unsupported),no,Frantz Le Jardinier,,Y,,,,5,2,,
591,27,Other,Other,(unsupported),no,Rock LINDOR,,Y,,,,5,2,,
