rank,business_name,niche,city,state,phone,rating,reviews,slug,url
1,Tommy's Heating & Air,hvac,Webb,AL,(334) 792-8338,4.9,177,tommys-heating-air,https://ematrixgroup.com/s/tommys-heating-air
2,Rogers Mechanical Heating And Cooling,hvac,Huntsville,ON,(705) 706-1079,4.9,84,rogers-mechanical-heating-and-cooling,https://ematrixgroup.com/s/rogers-mechanical-heating-and-cooling
3,"Jackson Heating & Air Conditioning, LLC",hvac,Greenville,MS,(662) 332-0420,4.9,83,jackson-heating-air-conditioning,https://ematrixgroup.com/s/jackson-heating-air-conditioning
4,"Steve Daves Heating & Air, LLC",hvac,Greenwood,MS,(662) 453-0609,5.0,63,steve-daves-heating-air,https://ematrixgroup.com/s/steve-daves-heating-air
5,Walker Ac and Heating,hvac,D'Iberville,MS,(228) 209-0682,4.5,60,walker-ac-and-heating,https://ematrixgroup.com/s/walker-ac-and-heating
6,AC Man Heating & Air Conditioning,hvac,Ocean Springs,MS,(228) 875-4487,4.2,58,ac-man-heating-air-conditioning,https://ematrixgroup.com/s/ac-man-heating-air-conditioning
7,Garcia Roofing & Construction,roofing,Wichita Falls,TX,(940) 642-6558,5.0,55,garcia-roofing-construction,https://ematrixgroup.com/s/garcia-roofing-construction
8,Gary's Sewer & Drain,plumbing,Pocatello,ID,(208) 232-7464,4.9,41,garys-sewer-drain,https://ematrixgroup.com/s/garys-sewer-drain
9,Troyer Roofing,roofing,Libby,MT,(406) 334-0500,4.8,39,troyer-roofing,https://ematrixgroup.com/s/troyer-roofing
10,Top Priority Drain Cleaning,septic,,WY,(307) 709-2564,4.9,33,top-priority-drain-cleaning,https://ematrixgroup.com/s/top-priority-drain-cleaning
11,Sterling Excavation Sewer services,excavating,Casper,WY,(307) 258-5381,4.7,29,sterling-excavation-sewer-services,https://ematrixgroup.com/s/sterling-excavation-sewer-services
12,Saurer's Pump Services,well_water,Missoula,MT,(406) 543-3654,5.0,21,saurers-pump-services,https://ematrixgroup.com/s/saurers-pump-services
13,Yardworks | Landscaping & Tree Removal,tree,Middle River,NB,(506) 543-0591,4.4,20,yardworks-landscaping-tree-removal,https://ematrixgroup.com/s/yardworks-landscaping-tree-removal
14,J Marshall's Heating,hvac,Warren Grove,PE,(902) 569-9169,4.4,11,j-marshalls-heating,https://ematrixgroup.com/s/j-marshalls-heating
15,Done Right Heating &AC,hvac,Ridgeland,MS,(601) 895-0222,5.0,471,done-right-heating-ac,https://ematrixgroup.com/s/done-right-heating-ac
16,Jackson's Favorite Air Conditioning,hvac,Jackson,MS,(769) 214-2654,4.9,204,jacksons-favorite-air-conditioning,https://ematrixgroup.com/s/jacksons-favorite-air-conditioning
17,ASAP Septic Pumping LLC,septic,,ID,(208) 390-7559,5.0,153,asap-septic-pumping,https://ematrixgroup.com/s/asap-septic-pumping
18,Comfortable Climates Heating & Air,hvac,Kokomo,IN,(765) 461-1930,5.0,123,comfortable-climates-heating-air,https://ematrixgroup.com/s/comfortable-climates-heating-air
19,Masters Well & Pump Service,well_water,Hayden,ID,(208) 660-4134,5.0,104,masters-well-pump-service,https://ematrixgroup.com/s/masters-well-pump-service
20,"Albreeze Air Conditioning, Refrigeration & Mechanical Contractor",hvac,,,(242) 477-1341,4.9,57,albreeze-air-conditioning-refrigeration-mechanical-contractor,https://ematrixgroup.com/s/albreeze-air-conditioning-refrigeration-mechanical-contractor
21,Vertical Tree Co. LLC,tree,Blackfoot,ID,(208) 244-9967,4.6,48,vertical-tree,https://ematrixgroup.com/s/vertical-tree
22,ASAP Septic,septic,Melba,ID,(208) 991-7184,5.0,47,asap-septic,https://ematrixgroup.com/s/asap-septic
23,Top Notch Tree Service LLC,tree,Priest River,ID,(208) 627-6035,5.0,42,top-notch-tree-service,https://ematrixgroup.com/s/top-notch-tree-service
24,Marion Heating & Cooling Inc,hvac,Marion,IA,(319) 304-1397,4.9,37,marion-heating-cooling,https://ematrixgroup.com/s/marion-heating-cooling
25,L&C Heating and Cooling,hvac,Conover,WI,(715) 479-2539,4.4,37,l-c-heating-and-cooling,https://ematrixgroup.com/s/l-c-heating-and-cooling
26,Affordable Septic Tank Pumping,septic,Idaho Falls,ID,(208) 569-8219,4.9,37,affordable-septic-tank-pumping,https://ematrixgroup.com/s/affordable-septic-tank-pumping
27,Marlatt Tree Care LLC,tree,,WY,(307) 331-5102,5.0,36,marlatt-tree-care,https://ematrixgroup.com/s/marlatt-tree-care
28,Air Pro Heating And Cooling,hvac,Metropolis,IL,(270) 816-0825,4.2,36,air-pro-heating-and-cooling,https://ematrixgroup.com/s/air-pro-heating-and-cooling
29,Redhorn Pump Service Inc.,well_water,St Ignatius,MT,(406) 676-7867,5.0,33,redhorn-pump-service,https://ematrixgroup.com/s/redhorn-pump-service
30,Keller Roofing,roofing,Sioux Falls,SD,(605) 362-1100,5.0,33,keller-roofing,https://ematrixgroup.com/s/keller-roofing
31,JH Excavation Inc.,excavating,Powell,WY,(307) 689-3369,5.0,31,jh-excavation,https://ematrixgroup.com/s/jh-excavation
32,Eckert's Patriot Pumpers,septic,,MT,(406) 777-2816,4.7,28,eckerts-patriot-pumpers,https://ematrixgroup.com/s/eckerts-patriot-pumpers
33,Up North Heating & Air Conditioning Ltd.,hvac,Latchford,ON,(705) 622-8978,5.0,27,up-north-heating-air-conditioning-ltd,https://ematrixgroup.com/s/up-north-heating-air-conditioning-ltd
34,CDN Fence Company,fence,Post Falls,ID,(509) 201-2548,4.8,26,cdn-fence-company,https://ematrixgroup.com/s/cdn-fence-company
35,Part Time HVAC LLC,hvac,Hardy,AR,(870) 710-2200,4.7,26,part-time-hvac,https://ematrixgroup.com/s/part-time-hvac
36,Busy Boys Stump Grinding & Tractor Work,tree,Blackfoot,ID,(208) 200-4429,5.0,24,busy-boys-stump-grinding-tractor-work,https://ematrixgroup.com/s/busy-boys-stump-grinding-tractor-work
37,Success Septic Tank Service,septic,,ID,(208) 428-0079,4.4,22,success-septic-tank-service,https://ematrixgroup.com/s/success-septic-tank-service
38,Carroll Septic Services,septic,Riverton,WY,(307) 856-3708,4.3,21,carroll-septic-services,https://ematrixgroup.com/s/carroll-septic-services
39,Tier One Fence Company,fence,,MT,(406) 694-8143,5.0,20,tier-one-fence-company,https://ematrixgroup.com/s/tier-one-fence-company
40,Forrest's Tree Service,tree,Twin Falls,ID,(208) 212-3690,4.4,18,forrests-tree-service,https://ematrixgroup.com/s/forrests-tree-service
41,Triple J Pumping,septic,Cheyenne,WY,(307) 632-6476,4.7,17,triple-j-pumping,https://ematrixgroup.com/s/triple-j-pumping
42,A C Tree Service,tree,Casper,WY,(307) 234-7353,4.4,14,a-c-tree-service,https://ematrixgroup.com/s/a-c-tree-service
43,Hal Lee Plumbing & Heating,plumbing,,WY,(307) 587-3134,3.5,13,hal-lee-plumbing-heating,https://ematrixgroup.com/s/hal-lee-plumbing-heating
44,Rock Creek Well Services,well_water,Cheyenne,WY,(307) 630-6617,3.8,13,rock-creek-well-services,https://ematrixgroup.com/s/rock-creek-well-services
45,All Seasons Tree Services-Anaconda,tree,Anaconda,MT,(406) 560-6587,4.7,12,all-seasons-tree-services-anaconda,https://ematrixgroup.com/s/all-seasons-tree-services-anaconda
46,Smith Septic Pumping Ronan,septic,Ronan,MT,(406) 675-2050,4.2,12,smith-septic-pumping-ronan,https://ematrixgroup.com/s/smith-septic-pumping-ronan
47,Darrell Adams Tree Service,tree,Blackfoot,ID,(208) 840-9457,4.9,12,darrell-adams-tree-service,https://ematrixgroup.com/s/darrell-adams-tree-service
48,"TR Excavation, LLC",excavating,Cataldo,ID,(208) 682-5092,4.0,12,tr-excavation,https://ematrixgroup.com/s/tr-excavation
